Handle,Title,Body (HTML),Vendor,Type,Tags,Published,Option1 Name,Option1 Value,Variant SKU,Variant Grams,Variant Inventory Tracker,Variant Inventory Qty,Variant Inventory Policy,Variant Fulfillment Service,Variant Price,Variant Requires Shipping,Variant Taxable,Image Src,Image Position,SEO Title,SEO Description,Status
e20001,Trampilla de acceso oculta universal EDPLIT – con consumibles,"<div class=""product-description"">
<p class=""delivery-badge"" style=""background:#f4f4f4; padding:8px; border-radius:4px; font-weight:bold; color:#b8956e;"">
    🚚 Plazo de entrega: 24-48h si hay stock | 8-15 días si requiere reposición
</p>

<h3>Descripción</h3>
<p>Trampilla de acceso oculta universal EDPLIT – con consumibles</p>

<h3>Especificaciones Técnicas</h3>
<ul>
    <li><strong>SKU:</strong> E20001</li>
    <li><strong>Categoría:</strong> Tapas de Registro</li>
    <li><strong>Montaje:</strong> Sistema oculto sin marco visible.</li>
</ul>

<h3>Servicios para Profesionales B2B</h3>
<p>Si eres arquitecto, interioristas o instalador, solicita tu cuenta profesional para acceder a tarifas especiales y soporte técnico prioritario en <a href=""mailto:info@edplit.es"">info@edplit.es</a>.</p>
</div>",EDPLIT España,Tapas de Registro,"con-consumibles,STOCK_ES",TRUE,Title,Default Title,E20001,800,shopify,0,continue,manual,171.35,TRUE,TRUE,https://edplit.es/images/products/e20001.jpg,1,Trampilla de acceso oculta universal EDPLIT – con consumibles | Soluciones Ocultas EDPLIT,Trampilla de acceso oculta universal EDPLIT – con consumibles. Plazo de entrega: 24-48h si hay stock | 8-15 días si requiere reposición. Alta calidad para baños minimalistas.,active
e20002,Trampilla de acceso oculta universal EDPLIT – sin consumibles,"<div class=""product-description"">
<p class=""delivery-badge"" style=""background:#f4f4f4; padding:8px; border-radius:4px; font-weight:bold; color:#b8956e;"">
    🚚 Plazo de entrega: 24-48h si hay stock | 8-15 días si requiere reposición
</p>

<h3>Descripción</h3>
<p>Trampilla de acceso oculta universal EDPLIT – sin consumibles</p>

<h3>Especificaciones Técnicas</h3>
<ul>
    <li><strong>SKU:</strong> E20002</li>
    <li><strong>Categoría:</strong> Tapas de Registro</li>
    <li><strong>Montaje:</strong> Sistema oculto sin marco visible.</li>
</ul>

<h3>Servicios para Profesionales B2B</h3>
<p>Si eres arquitecto, interioristas o instalador, solicita tu cuenta profesional para acceder a tarifas especiales y soporte técnico prioritario en <a href=""mailto:info@edplit.es"">info@edplit.es</a>.</p>
</div>",EDPLIT España,Tapas de Registro,"STOCK_ES,sin-consumibles",TRUE,Title,Default Title,E20002,800,shopify,0,continue,manual,102.35,TRUE,TRUE,https://edplit.es/images/products/e20002.jpg,1,Trampilla de acceso oculta universal EDPLIT – sin consumibles | Soluciones Ocultas EDPLIT,Trampilla de acceso oculta universal EDPLIT – sin consumibles. Plazo de entrega: 24-48h si hay stock | 8-15 días si requiere reposición. Alta calidad para baños minimalistas.,active
e30001,Sistema de montaje oculto para ventilador de baño EDPLIT 100mm -con consumibles,"<div class=""product-description"">
<p class=""delivery-badge"" style=""background:#f4f4f4; padding:8px; border-radius:4px; font-weight:bold; color:#b8956e;"">
    🚚 Plazo de entrega: 24-48h si hay stock | 8-15 días si requiere reposición
</p>

<h3>Descripción</h3>
<p>Sistema de montaje oculto para ventilador de baño EDPLIT 100mm -con consumibles</p>

<h3>Especificaciones Técnicas</h3>
<ul>
    <li><strong>SKU:</strong> E30001</li>
    <li><strong>Categoría:</strong> Ventiladores</li>
    <li><strong>Montaje:</strong> Sistema oculto sin marco visible.</li>
</ul>

<h3>Servicios para Profesionales B2B</h3>
<p>Si eres arquitecto, interioristas o instalador, solicita tu cuenta profesional para acceder a tarifas especiales y soporte técnico prioritario en <a href=""mailto:info@edplit.es"">info@edplit.es</a>.</p>
</div>",EDPLIT España,Ventiladores,"con-consumibles,oculto,STOCK_ES",TRUE,Title,Default Title,E30001,800,shopify,0,continue,manual,218.50,TRUE,TRUE,https://edplit.es/images/products/e30001.jpg,1,Sistema de montaje oculto para ventilador de baño EDPLIT 100mm -con consumibles | Soluciones Ocultas EDPLIT,Sistema de montaje oculto para ventilador de baño EDPLIT 100mm -con consumibles. Plazo de entrega: 24-48h si hay stock | 8-15 días si requiere reposición. Alta calidad para baños minimalistas.,active
e30002,Sistema de montaje oculto para ventilador de baño EDPLIT 125mm -con consumibles,"<div class=""product-description"">
<p class=""delivery-badge"" style=""background:#f4f4f4; padding:8px; border-radius:4px; font-weight:bold; color:#b8956e;"">
    🚚 Plazo de entrega: 24-48h si hay stock | 8-15 días si requiere reposición
</p>

<h3>Descripción</h3>
<p>Sistema de montaje oculto para ventilador de baño EDPLIT 125mm -con consumibles</p>

<h3>Especificaciones Técnicas</h3>
<ul>
    <li><strong>SKU:</strong> E30002</li>
    <li><strong>Categoría:</strong> Ventiladores</li>
    <li><strong>Montaje:</strong> Sistema oculto sin marco visible.</li>
</ul>

<h3>Servicios para Profesionales B2B</h3>
<p>Si eres arquitecto, interioristas o instalador, solicita tu cuenta profesional para acceder a tarifas especiales y soporte técnico prioritario en <a href=""mailto:info@edplit.es"">info@edplit.es</a>.</p>
</div>",EDPLIT España,Ventiladores,"con-consumibles,oculto,STOCK_ES",TRUE,Title,Default Title,E30002,800,shopify,0,continue,manual,263.35,TRUE,TRUE,https://edplit.es/images/products/e30002.jpg,1,Sistema de montaje oculto para ventilador de baño EDPLIT 125mm -con consumibles | Soluciones Ocultas EDPLIT,Sistema de montaje oculto para ventilador de baño EDPLIT 125mm -con consumibles. Plazo de entrega: 24-48h si hay stock | 8-15 días si requiere reposición. Alta calidad para baños minimalistas.,active
e30003,Sistema de montaje oculto para ventilador de baño EDPLIT 150mm -con consumibles,"<div class=""product-description"">
<p class=""delivery-badge"" style=""background:#f4f4f4; padding:8px; border-radius:4px; font-weight:bold; color:#b8956e;"">
    🚚 Plazo de entrega: 24-48h si hay stock | 8-15 días si requiere reposición
</p>

<h3>Descripción</h3>
<p>Sistema de montaje oculto para ventilador de baño EDPLIT 150mm -con consumibles</p>

<h3>Especificaciones Técnicas</h3>
<ul>
    <li><strong>SKU:</strong> E30003</li>
    <li><strong>Categoría:</strong> Ventiladores</li>
    <li><strong>Montaje:</strong> Sistema oculto sin marco visible.</li>
</ul>

<h3>Servicios para Profesionales B2B</h3>
<p>Si eres arquitecto, interioristas o instalador, solicita tu cuenta profesional para acceder a tarifas especiales y soporte técnico prioritario en <a href=""mailto:info@edplit.es"">info@edplit.es</a>.</p>
</div>",EDPLIT España,Ventiladores,"con-consumibles,oculto,STOCK_ES",TRUE,Title,Default Title,E30003,800,shopify,0,continue,manual,286.35,TRUE,TRUE,https://edplit.es/images/products/e30003.jpg,1,Sistema de montaje oculto para ventilador de baño EDPLIT 150mm -con consumibles | Soluciones Ocultas EDPLIT,Sistema de montaje oculto para ventilador de baño EDPLIT 150mm -con consumibles. Plazo de entrega: 24-48h si hay stock | 8-15 días si requiere reposición. Alta calidad para baños minimalistas.,active
e30004,Sistema de montaje oculto para ventilador de baño EDPLIT 100mm -SIN consumibles,"<div class=""product-description"">
<p class=""delivery-badge"" style=""background:#f4f4f4; padding:8px; border-radius:4px; font-weight:bold; color:#b8956e;"">
    🚚 Plazo de entrega: 24-48h si hay stock | 8-15 días si requiere reposición
</p>

<h3>Descripción</h3>
<p>Sistema de montaje oculto para ventilador de baño EDPLIT 100mm -SIN consumibles</p>

<h3>Especificaciones Técnicas</h3>
<ul>
    <li><strong>SKU:</strong> E30004</li>
    <li><strong>Categoría:</strong> Ventiladores</li>
    <li><strong>Montaje:</strong> Sistema oculto sin marco visible.</li>
</ul>

<h3>Servicios para Profesionales B2B</h3>
<p>Si eres arquitecto, interioristas o instalador, solicita tu cuenta profesional para acceder a tarifas especiales y soporte técnico prioritario en <a href=""mailto:info@edplit.es"">info@edplit.es</a>.</p>
</div>",EDPLIT España,Ventiladores,"oculto,STOCK_ES,sin-consumibles",TRUE,Title,Default Title,E30004,800,shopify,0,continue,manual,148.35,TRUE,TRUE,https://edplit.es/images/products/e30004.jpg,1,Sistema de montaje oculto para ventilador de baño EDPLIT 100mm -SIN consumibles | Soluciones Ocultas EDPLIT,Sistema de montaje oculto para ventilador de baño EDPLIT 100mm -SIN consumibles. Plazo de entrega: 24-48h si hay stock | 8-15 días si requiere reposición. Alta calidad para baños minimalistas.,active
e30005,Sistema de montaje oculto para ventilador de baño EDPLIT 125mm -SIN consumibles,"<div class=""product-description"">
<p class=""delivery-badge"" style=""background:#f4f4f4; padding:8px; border-radius:4px; font-weight:bold; color:#b8956e;"">
    🚚 Plazo de entrega: 24-48h si hay stock | 8-15 días si requiere reposición
</p>

<h3>Descripción</h3>
<p>Sistema de montaje oculto para ventilador de baño EDPLIT 125mm -SIN consumibles</p>

<h3>Especificaciones Técnicas</h3>
<ul>
    <li><strong>SKU:</strong> E30005</li>
    <li><strong>Categoría:</strong> Ventiladores</li>
    <li><strong>Montaje:</strong> Sistema oculto sin marco visible.</li>
</ul>

<h3>Servicios para Profesionales B2B</h3>
<p>Si eres arquitecto, interioristas o instalador, solicita tu cuenta profesional para acceder a tarifas especiales y soporte técnico prioritario en <a href=""mailto:info@edplit.es"">info@edplit.es</a>.</p>
</div>",EDPLIT España,Ventiladores,"oculto,STOCK_ES,sin-consumibles",TRUE,Title,Default Title,E30005,800,shopify,0,continue,manual,194.35,TRUE,TRUE,https://edplit.es/images/products/e30005.jpg,1,Sistema de montaje oculto para ventilador de baño EDPLIT 125mm -SIN consumibles | Soluciones Ocultas EDPLIT,Sistema de montaje oculto para ventilador de baño EDPLIT 125mm -SIN consumibles. Plazo de entrega: 24-48h si hay stock | 8-15 días si requiere reposición. Alta calidad para baños minimalistas.,active
e30006,Sistema de montaje oculto para ventilador de baño EDPLIT 150mm -SIN consumibles,"<div class=""product-description"">
<p class=""delivery-badge"" style=""background:#f4f4f4; padding:8px; border-radius:4px; font-weight:bold; color:#b8956e;"">
    🚚 Plazo de entrega: 24-48h si hay stock | 8-15 días si requiere reposición
</p>

<h3>Descripción</h3>
<p>Sistema de montaje oculto para ventilador de baño EDPLIT 150mm -SIN consumibles</p>

<h3>Especificaciones Técnicas</h3>
<ul>
    <li><strong>SKU:</strong> E30006</li>
    <li><strong>Categoría:</strong> Ventiladores</li>
    <li><strong>Montaje:</strong> Sistema oculto sin marco visible.</li>
</ul>

<h3>Servicios para Profesionales B2B</h3>
<p>Si eres arquitecto, interioristas o instalador, solicita tu cuenta profesional para acceder a tarifas especiales y soporte técnico prioritario en <a href=""mailto:info@edplit.es"">info@edplit.es</a>.</p>
</div>",EDPLIT España,Ventiladores,"oculto,STOCK_ES,sin-consumibles",TRUE,Title,Default Title,E30006,800,shopify,0,continue,manual,228.85,TRUE,TRUE,https://edplit.es/images/products/e30006.jpg,1,Sistema de montaje oculto para ventilador de baño EDPLIT 150mm -SIN consumibles | Soluciones Ocultas EDPLIT,Sistema de montaje oculto para ventilador de baño EDPLIT 150mm -SIN consumibles. Plazo de entrega: 24-48h si hay stock | 8-15 días si requiere reposición. Alta calidad para baños minimalistas.,active
e30007,Ventilador de conducto Vents Quietline 100 mm,"<div class=""product-description"">
<p class=""delivery-badge"" style=""background:#f4f4f4; padding:8px; border-radius:4px; font-weight:bold; color:#b8956e;"">
    🚚 Plazo de entrega: 24-48h si hay stock | 8-15 días si requiere reposición
</p>

<h3>Descripción</h3>
<p>Ventilador de conducto Vents Quietline 100 mm</p>

<h3>Especificaciones Técnicas</h3>
<ul>
    <li><strong>SKU:</strong> E30007</li>
    <li><strong>Categoría:</strong> Ventiladores</li>
    <li><strong>Montaje:</strong> Sistema oculto sin marco visible.</li>
</ul>

<h3>Servicios para Profesionales B2B</h3>
<p>Si eres arquitecto, interioristas o instalador, solicita tu cuenta profesional para acceder a tarifas especiales y soporte técnico prioritario en <a href=""mailto:info@edplit.es"">info@edplit.es</a>.</p>
</div>",EDPLIT España,Ventiladores,STOCK_ES,TRUE,Title,Default Title,E30007,800,shopify,0,continue,manual,171.35,TRUE,TRUE,https://edplit.es/images/products/e30007.jpg,1,Ventilador de conducto Vents Quietline 100 mm | Soluciones Ocultas EDPLIT,Ventilador de conducto Vents Quietline 100 mm. Plazo de entrega: 24-48h si hay stock | 8-15 días si requiere reposición. Alta calidad para baños minimalistas.,active
e30008,Ventilador de conducto Vents Quietline 125 mm,"<div class=""product-description"">
<p class=""delivery-badge"" style=""background:#f4f4f4; padding:8px; border-radius:4px; font-weight:bold; color:#b8956e;"">
    🚚 Plazo de entrega: 24-48h si hay stock | 8-15 días si requiere reposición
</p>

<h3>Descripción</h3>
<p>Ventilador de conducto Vents Quietline 125 mm</p>

<h3>Especificaciones Técnicas</h3>
<ul>
    <li><strong>SKU:</strong> E30008</li>
    <li><strong>Categoría:</strong> Ventiladores</li>
    <li><strong>Montaje:</strong> Sistema oculto sin marco visible.</li>
</ul>

<h3>Servicios para Profesionales B2B</h3>
<p>Si eres arquitecto, interioristas o instalador, solicita tu cuenta profesional para acceder a tarifas especiales y soporte técnico prioritario en <a href=""mailto:info@edplit.es"">info@edplit.es</a>.</p>
</div>",EDPLIT España,Ventiladores,STOCK_ES,TRUE,Title,Default Title,E30008,800,shopify,0,continue,manual,217.35,TRUE,TRUE,https://edplit.es/images/products/e30008.jpg,1,Ventilador de conducto Vents Quietline 125 mm | Soluciones Ocultas EDPLIT,Ventilador de conducto Vents Quietline 125 mm. Plazo de entrega: 24-48h si hay stock | 8-15 días si requiere reposición. Alta calidad para baños minimalistas.,active
e30009,Ventilador de conducto Vents Quietline 150 mm,"<div class=""product-description"">
<p class=""delivery-badge"" style=""background:#f4f4f4; padding:8px; border-radius:4px; font-weight:bold; color:#b8956e;"">
    🚚 Plazo de entrega: 24-48h si hay stock | 8-15 días si requiere reposición
</p>

<h3>Descripción</h3>
<p>Ventilador de conducto Vents Quietline 150 mm</p>

<h3>Especificaciones Técnicas</h3>
<ul>
    <li><strong>SKU:</strong> E30009</li>
    <li><strong>Categoría:</strong> Ventiladores</li>
    <li><strong>Montaje:</strong> Sistema oculto sin marco visible.</li>
</ul>

<h3>Servicios para Profesionales B2B</h3>
<p>Si eres arquitecto, interioristas o instalador, solicita tu cuenta profesional para acceder a tarifas especiales y soporte técnico prioritario en <a href=""mailto:info@edplit.es"">info@edplit.es</a>.</p>
</div>",EDPLIT España,Ventiladores,STOCK_ES,TRUE,Title,Default Title,E30009,800,shopify,0,continue,manual,332.35,TRUE,TRUE,https://edplit.es/images/products/e30009.jpg,1,Ventilador de conducto Vents Quietline 150 mm | Soluciones Ocultas EDPLIT,Ventilador de conducto Vents Quietline 150 mm. Plazo de entrega: 24-48h si hay stock | 8-15 días si requiere reposición. Alta calidad para baños minimalistas.,active
e10001,"M1 pulsador oculto Edplit Invisi Tile Touch, con consumibles","<div class=""product-description"">
<p class=""delivery-badge"" style=""background:#f4f4f4; padding:8px; border-radius:4px; font-weight:bold; color:#b8956e;"">
    🚚 Plazo de entrega: 24-48h si hay stock | 8-15 días si requiere reposición
</p>

<h3>Descripción</h3>
<p>M1 pulsador oculto Edplit Invisi Tile Touch, con consumibles (5 en 1 universal: Sigma, Omega, AlcaPlast, Delta, Tece)</p>

<h3>Especificaciones Técnicas</h3>
<ul>
    <li><strong>SKU:</strong> E10001</li>
    <li><strong>Categoría:</strong> Pulsadores Ocultos</li>
    <li><strong>Montaje:</strong> Sistema oculto sin marco visible.</li>
</ul>

<h3>Servicios para Profesionales B2B</h3>
<p>Si eres arquitecto, interioristas o instalador, solicita tu cuenta profesional para acceder a tarifas especiales y soporte técnico prioritario en <a href=""mailto:info@edplit.es"">info@edplit.es</a>.</p>
</div>",EDPLIT España,Pulsadores Ocultos,"oculto,universal,delta,sigma,tece,geberit,omega,STOCK_ES,con-consumibles,alcaplast,m1",TRUE,Title,Default Title,E10001,800,shopify,0,continue,manual,448.50,TRUE,TRUE,https://edplit.es/images/products/e10001.jpg,1,"M1 pulsador oculto Edplit Invisi Tile Touch, con consumibles | Soluciones Ocultas EDPLIT","M1 pulsador oculto Edplit Invisi Tile Touch, con consumibles (5 en 1 universal: Sigma, Omega, AlcaPlast, Delta, Tece). Plazo de entrega: 24-48h si hay stock | 8-15 días si requiere reposición. Alta calidad para baños minimalistas.",active
e10002,"M1 pulsador oculto para Sigma, con consumibles","<div class=""product-description"">
<p class=""delivery-badge"" style=""background:#f4f4f4; padding:8px; border-radius:4px; font-weight:bold; color:#b8956e;"">
    🚚 Plazo de entrega: 24-48h si hay stock | 8-15 días si requiere reposición
</p>

<h3>Descripción</h3>
<p>M1 pulsador oculto para Sigma, con consumibles (solo para instalación específica)</p>

<h3>Especificaciones Técnicas</h3>
<ul>
    <li><strong>SKU:</strong> E10002</li>
    <li><strong>Categoría:</strong> Pulsadores Ocultos</li>
    <li><strong>Montaje:</strong> Sistema oculto sin marco visible.</li>
</ul>

<h3>Servicios para Profesionales B2B</h3>
<p>Si eres arquitecto, interioristas o instalador, solicita tu cuenta profesional para acceder a tarifas especiales y soporte técnico prioritario en <a href=""mailto:info@edplit.es"">info@edplit.es</a>.</p>
</div>",EDPLIT España,Pulsadores Ocultos,"oculto,sigma,STOCK_ES,geberit,con-consumibles,m1",TRUE,Title,Default Title,E10002,800,shopify,0,continue,manual,425.50,TRUE,TRUE,https://edplit.es/images/products/e10002.jpg,1,"M1 pulsador oculto para Sigma, con consumibles | Soluciones Ocultas EDPLIT","M1 pulsador oculto para Sigma, con consumibles (solo para instalación específica). Plazo de entrega: 24-48h si hay stock | 8-15 días si requiere reposición. Alta calidad para baños minimalistas.",active
e10002,"M1 pulsador oculto para Omega, con consumibles","<div class=""product-description"">
<p class=""delivery-badge"" style=""background:#f4f4f4; padding:8px; border-radius:4px; font-weight:bold; color:#b8956e;"">
    🚚 Plazo de entrega: 24-48h si hay stock | 8-15 días si requiere reposición
</p>

<h3>Descripción</h3>
<p>M1 pulsador oculto para Omega, con consumibles (solo para instalación específica)</p>

<h3>Especificaciones Técnicas</h3>
<ul>
    <li><strong>SKU:</strong> E10002</li>
    <li><strong>Categoría:</strong> Pulsadores Ocultos</li>
    <li><strong>Montaje:</strong> Sistema oculto sin marco visible.</li>
</ul>

<h3>Servicios para Profesionales B2B</h3>
<p>Si eres arquitecto, interioristas o instalador, solicita tu cuenta profesional para acceder a tarifas especiales y soporte técnico prioritario en <a href=""mailto:info@edplit.es"">info@edplit.es</a>.</p>
</div>",EDPLIT España,Pulsadores Ocultos,"oculto,STOCK_ES,geberit,omega,con-consumibles,m1",TRUE,Title,Default Title,E10002,800,shopify,0,continue,manual,425.50,TRUE,TRUE,https://edplit.es/images/products/e10002.jpg,1,"M1 pulsador oculto para Omega, con consumibles | Soluciones Ocultas EDPLIT","M1 pulsador oculto para Omega, con consumibles (solo para instalación específica). Plazo de entrega: 24-48h si hay stock | 8-15 días si requiere reposición. Alta calidad para baños minimalistas.",active
e10002,"M1 pulsador oculto para Alcaplast, con consumibles","<div class=""product-description"">
<p class=""delivery-badge"" style=""background:#f4f4f4; padding:8px; border-radius:4px; font-weight:bold; color:#b8956e;"">
    🚚 Plazo de entrega: 24-48h si hay stock | 8-15 días si requiere reposición
</p>

<h3>Descripción</h3>
<p>M1 pulsador oculto para Alcaplast, con consumibles (solo para instalación específica)</p>

<h3>Especificaciones Técnicas</h3>
<ul>
    <li><strong>SKU:</strong> E10002</li>
    <li><strong>Categoría:</strong> Pulsadores Ocultos</li>
    <li><strong>Montaje:</strong> Sistema oculto sin marco visible.</li>
</ul>

<h3>Servicios para Profesionales B2B</h3>
<p>Si eres arquitecto, interioristas o instalador, solicita tu cuenta profesional para acceder a tarifas especiales y soporte técnico prioritario en <a href=""mailto:info@edplit.es"">info@edplit.es</a>.</p>
</div>",EDPLIT España,Pulsadores Ocultos,"oculto,STOCK_ES,con-consumibles,alcaplast,m1",TRUE,Title,Default Title,E10002,800,shopify,0,continue,manual,425.50,TRUE,TRUE,https://edplit.es/images/products/e10002.jpg,1,"M1 pulsador oculto para Alcaplast, con consumibles | Soluciones Ocultas EDPLIT","M1 pulsador oculto para Alcaplast, con consumibles (solo para instalación específica). Plazo de entrega: 24-48h si hay stock | 8-15 días si requiere reposición. Alta calidad para baños minimalistas.",active
e10003,"M1 pulsador oculto para Delta, con consumibles","<div class=""product-description"">
<p class=""delivery-badge"" style=""background:#f4f4f4; padding:8px; border-radius:4px; font-weight:bold; color:#b8956e;"">
    🚚 Plazo de entrega: 24-48h si hay stock | 8-15 días si requiere reposición
</p>

<h3>Descripción</h3>
<p>M1 pulsador oculto para Delta, con consumibles (solo para instalación específica)</p>

<h3>Especificaciones Técnicas</h3>
<ul>
    <li><strong>SKU:</strong> E10003</li>
    <li><strong>Categoría:</strong> Pulsadores Ocultos</li>
    <li><strong>Montaje:</strong> Sistema oculto sin marco visible.</li>
</ul>

<h3>Servicios para Profesionales B2B</h3>
<p>Si eres arquitecto, interioristas o instalador, solicita tu cuenta profesional para acceder a tarifas especiales y soporte técnico prioritario en <a href=""mailto:info@edplit.es"">info@edplit.es</a>.</p>
</div>",EDPLIT España,Pulsadores Ocultos,"oculto,delta,STOCK_ES,con-consumibles,m1",TRUE,Title,Default Title,E10003,800,shopify,0,continue,manual,425.50,TRUE,TRUE,https://edplit.es/images/products/e10003.jpg,1,"M1 pulsador oculto para Delta, con consumibles | Soluciones Ocultas EDPLIT","M1 pulsador oculto para Delta, con consumibles (solo para instalación específica). Plazo de entrega: 24-48h si hay stock | 8-15 días si requiere reposición. Alta calidad para baños minimalistas.",active
e10004,"M1 pulsador oculto para Tece, con consumibles","<div class=""product-description"">
<p class=""delivery-badge"" style=""background:#f4f4f4; padding:8px; border-radius:4px; font-weight:bold; color:#b8956e;"">
    🚚 Plazo de entrega: 24-48h si hay stock | 8-15 días si requiere reposición
</p>

<h3>Descripción</h3>
<p>M1 pulsador oculto para Tece, con consumibles (solo para instalación específica)</p>

<h3>Especificaciones Técnicas</h3>
<ul>
    <li><strong>SKU:</strong> E10004</li>
    <li><strong>Categoría:</strong> Pulsadores Ocultos</li>
    <li><strong>Montaje:</strong> Sistema oculto sin marco visible.</li>
</ul>

<h3>Servicios para Profesionales B2B</h3>
<p>Si eres arquitecto, interioristas o instalador, solicita tu cuenta profesional para acceder a tarifas especiales y soporte técnico prioritario en <a href=""mailto:info@edplit.es"">info@edplit.es</a>.</p>
</div>",EDPLIT España,Pulsadores Ocultos,"oculto,tece,STOCK_ES,con-consumibles,m1",TRUE,Title,Default Title,E10004,800,shopify,0,continue,manual,425.50,TRUE,TRUE,https://edplit.es/images/products/e10004.jpg,1,"M1 pulsador oculto para Tece, con consumibles | Soluciones Ocultas EDPLIT","M1 pulsador oculto para Tece, con consumibles (solo para instalación específica). Plazo de entrega: 24-48h si hay stock | 8-15 días si requiere reposición. Alta calidad para baños minimalistas.",active
e10005,"M2 pulsador oculto Edplit Invisi Tile Touch, con consumibles","<div class=""product-description"">
<p class=""delivery-badge"" style=""background:#f4f4f4; padding:8px; border-radius:4px; font-weight:bold; color:#b8956e;"">
    🚚 Plazo de entrega: 24-48h si hay stock | 8-15 días si requiere reposición
</p>

<h3>Descripción</h3>
<p>M2 pulsador oculto Edplit Invisi Tile Touch, con consumibles (5 en 1 universal: Sigma, Omega, AlcaPlast, Delta, Tece)</p>

<h3>Especificaciones Técnicas</h3>
<ul>
    <li><strong>SKU:</strong> E10005</li>
    <li><strong>Categoría:</strong> Pulsadores Ocultos</li>
    <li><strong>Montaje:</strong> Sistema oculto sin marco visible.</li>
</ul>

<h3>Servicios para Profesionales B2B</h3>
<p>Si eres arquitecto, interioristas o instalador, solicita tu cuenta profesional para acceder a tarifas especiales y soporte técnico prioritario en <a href=""mailto:info@edplit.es"">info@edplit.es</a>.</p>
</div>",EDPLIT España,Pulsadores Ocultos,"oculto,universal,delta,sigma,tece,m2,geberit,omega,STOCK_ES,con-consumibles,alcaplast",TRUE,Title,Default Title,E10005,800,shopify,0,continue,manual,448.50,TRUE,TRUE,https://edplit.es/images/products/e10005.jpg,1,"M2 pulsador oculto Edplit Invisi Tile Touch, con consumibles | Soluciones Ocultas EDPLIT","M2 pulsador oculto Edplit Invisi Tile Touch, con consumibles (5 en 1 universal: Sigma, Omega, AlcaPlast, Delta, Tece). Plazo de entrega: 24-48h si hay stock | 8-15 días si requiere reposición. Alta calidad para baños minimalistas.",active
e10006,"M2 pulsador oculto para Sigma, con consumibles","<div class=""product-description"">
<p class=""delivery-badge"" style=""background:#f4f4f4; padding:8px; border-radius:4px; font-weight:bold; color:#b8956e;"">
    🚚 Plazo de entrega: 24-48h si hay stock | 8-15 días si requiere reposición
</p>

<h3>Descripción</h3>
<p>M2 pulsador oculto para Sigma, con consumibles (solo para instalación específica)</p>

<h3>Especificaciones Técnicas</h3>
<ul>
    <li><strong>SKU:</strong> E10006</li>
    <li><strong>Categoría:</strong> Pulsadores Ocultos</li>
    <li><strong>Montaje:</strong> Sistema oculto sin marco visible.</li>
</ul>

<h3>Servicios para Profesionales B2B</h3>
<p>Si eres arquitecto, interioristas o instalador, solicita tu cuenta profesional para acceder a tarifas especiales y soporte técnico prioritario en <a href=""mailto:info@edplit.es"">info@edplit.es</a>.</p>
</div>",EDPLIT España,Pulsadores Ocultos,"oculto,sigma,m2,STOCK_ES,geberit,con-consumibles",TRUE,Title,Default Title,E10006,800,shopify,0,continue,manual,425.50,TRUE,TRUE,https://edplit.es/images/products/e10006.jpg,1,"M2 pulsador oculto para Sigma, con consumibles | Soluciones Ocultas EDPLIT","M2 pulsador oculto para Sigma, con consumibles (solo para instalación específica). Plazo de entrega: 24-48h si hay stock | 8-15 días si requiere reposición. Alta calidad para baños minimalistas.",active
e10006,"M2 pulsador oculto para Omega, con consumibles","<div class=""product-description"">
<p class=""delivery-badge"" style=""background:#f4f4f4; padding:8px; border-radius:4px; font-weight:bold; color:#b8956e;"">
    🚚 Plazo de entrega: 24-48h si hay stock | 8-15 días si requiere reposición
</p>

<h3>Descripción</h3>
<p>M2 pulsador oculto para Omega, con consumibles (solo para instalación específica)</p>

<h3>Especificaciones Técnicas</h3>
<ul>
    <li><strong>SKU:</strong> E10006</li>
    <li><strong>Categoría:</strong> Pulsadores Ocultos</li>
    <li><strong>Montaje:</strong> Sistema oculto sin marco visible.</li>
</ul>

<h3>Servicios para Profesionales B2B</h3>
<p>Si eres arquitecto, interioristas o instalador, solicita tu cuenta profesional para acceder a tarifas especiales y soporte técnico prioritario en <a href=""mailto:info@edplit.es"">info@edplit.es</a>.</p>
</div>",EDPLIT España,Pulsadores Ocultos,"oculto,m2,STOCK_ES,geberit,omega,con-consumibles",TRUE,Title,Default Title,E10006,800,shopify,0,continue,manual,425.50,TRUE,TRUE,https://edplit.es/images/products/e10006.jpg,1,"M2 pulsador oculto para Omega, con consumibles | Soluciones Ocultas EDPLIT","M2 pulsador oculto para Omega, con consumibles (solo para instalación específica). Plazo de entrega: 24-48h si hay stock | 8-15 días si requiere reposición. Alta calidad para baños minimalistas.",active
e10006,"M2 pulsador oculto para Alcaplast, con consumibles","<div class=""product-description"">
<p class=""delivery-badge"" style=""background:#f4f4f4; padding:8px; border-radius:4px; font-weight:bold; color:#b8956e;"">
    🚚 Plazo de entrega: 24-48h si hay stock | 8-15 días si requiere reposición
</p>

<h3>Descripción</h3>
<p>M2 pulsador oculto para Alcaplast, con consumibles (solo para instalación específica)</p>

<h3>Especificaciones Técnicas</h3>
<ul>
    <li><strong>SKU:</strong> E10006</li>
    <li><strong>Categoría:</strong> Pulsadores Ocultos</li>
    <li><strong>Montaje:</strong> Sistema oculto sin marco visible.</li>
</ul>

<h3>Servicios para Profesionales B2B</h3>
<p>Si eres arquitecto, interioristas o instalador, solicita tu cuenta profesional para acceder a tarifas especiales y soporte técnico prioritario en <a href=""mailto:info@edplit.es"">info@edplit.es</a>.</p>
</div>",EDPLIT España,Pulsadores Ocultos,"oculto,m2,STOCK_ES,con-consumibles,alcaplast",TRUE,Title,Default Title,E10006,800,shopify,0,continue,manual,425.50,TRUE,TRUE,https://edplit.es/images/products/e10006.jpg,1,"M2 pulsador oculto para Alcaplast, con consumibles | Soluciones Ocultas EDPLIT","M2 pulsador oculto para Alcaplast, con consumibles (solo para instalación específica). Plazo de entrega: 24-48h si hay stock | 8-15 días si requiere reposición. Alta calidad para baños minimalistas.",active
e10007,"M2 pulsador oculto para Delta, con consumibles","<div class=""product-description"">
<p class=""delivery-badge"" style=""background:#f4f4f4; padding:8px; border-radius:4px; font-weight:bold; color:#b8956e;"">
    🚚 Plazo de entrega: 24-48h si hay stock | 8-15 días si requiere reposición
</p>

<h3>Descripción</h3>
<p>M2 pulsador oculto para Delta, con consumibles (solo para instalación específica)</p>

<h3>Especificaciones Técnicas</h3>
<ul>
    <li><strong>SKU:</strong> E10007</li>
    <li><strong>Categoría:</strong> Pulsadores Ocultos</li>
    <li><strong>Montaje:</strong> Sistema oculto sin marco visible.</li>
</ul>

<h3>Servicios para Profesionales B2B</h3>
<p>Si eres arquitecto, interioristas o instalador, solicita tu cuenta profesional para acceder a tarifas especiales y soporte técnico prioritario en <a href=""mailto:info@edplit.es"">info@edplit.es</a>.</p>
</div>",EDPLIT España,Pulsadores Ocultos,"oculto,delta,m2,STOCK_ES,con-consumibles",TRUE,Title,Default Title,E10007,800,shopify,0,continue,manual,425.50,TRUE,TRUE,https://edplit.es/images/products/e10007.jpg,1,"M2 pulsador oculto para Delta, con consumibles | Soluciones Ocultas EDPLIT","M2 pulsador oculto para Delta, con consumibles (solo para instalación específica). Plazo de entrega: 24-48h si hay stock | 8-15 días si requiere reposición. Alta calidad para baños minimalistas.",active
e10008,"M2 pulsador oculto para Tece, con consumibles","<div class=""product-description"">
<p class=""delivery-badge"" style=""background:#f4f4f4; padding:8px; border-radius:4px; font-weight:bold; color:#b8956e;"">
    🚚 Plazo de entrega: 24-48h si hay stock | 8-15 días si requiere reposición
</p>

<h3>Descripción</h3>
<p>M2 pulsador oculto para Tece, con consumibles (solo para instalación específica)</p>

<h3>Especificaciones Técnicas</h3>
<ul>
    <li><strong>SKU:</strong> E10008</li>
    <li><strong>Categoría:</strong> Pulsadores Ocultos</li>
    <li><strong>Montaje:</strong> Sistema oculto sin marco visible.</li>
</ul>

<h3>Servicios para Profesionales B2B</h3>
<p>Si eres arquitecto, interioristas o instalador, solicita tu cuenta profesional para acceder a tarifas especiales y soporte técnico prioritario en <a href=""mailto:info@edplit.es"">info@edplit.es</a>.</p>
</div>",EDPLIT España,Pulsadores Ocultos,"oculto,tece,m2,STOCK_ES,con-consumibles",TRUE,Title,Default Title,E10008,800,shopify,0,continue,manual,425.50,TRUE,TRUE,https://edplit.es/images/products/e10008.jpg,1,"M2 pulsador oculto para Tece, con consumibles | Soluciones Ocultas EDPLIT","M2 pulsador oculto para Tece, con consumibles (solo para instalación específica). Plazo de entrega: 24-48h si hay stock | 8-15 días si requiere reposición. Alta calidad para baños minimalistas.",active
e10009,M3 pulsador oculto Edplit InvisiFlush,"<div class=""product-description"">
<p class=""delivery-badge"" style=""background:#f4f4f4; padding:8px; border-radius:4px; font-weight:bold; color:#b8956e;"">
    🚚 Plazo de entrega: 24-48h si hay stock | 8-15 días si requiere reposición
</p>

<h3>Descripción</h3>
<p>M3 pulsador oculto Edplit InvisiFlush (solo para GROHE) – blanca, con consumibles</p>

<h3>Especificaciones Técnicas</h3>
<ul>
    <li><strong>SKU:</strong> E10009</li>
    <li><strong>Categoría:</strong> Pulsadores Ocultos</li>
    <li><strong>Montaje:</strong> Sistema oculto sin marco visible.</li>
</ul>

<h3>Servicios para Profesionales B2B</h3>
<p>Si eres arquitecto, interioristas o instalador, solicita tu cuenta profesional para acceder a tarifas especiales y soporte técnico prioritario en <a href=""mailto:info@edplit.es"">info@edplit.es</a>.</p>
</div>",EDPLIT España,Pulsadores Ocultos,"oculto,m3,grohe,con-consumibles,BAJO_PEDIDO",TRUE,Title,Default Title,E10009,800,shopify,0,continue,manual,402.50,TRUE,TRUE,https://edplit.es/images/products/e10009.jpg,1,M3 pulsador oculto Edplit InvisiFlush | Soluciones Ocultas EDPLIT,"M3 pulsador oculto Edplit InvisiFlush (solo para GROHE) – blanca, con consumibles. Plazo de entrega: 24-48h si hay stock | 8-15 días si requiere reposición. Alta calidad para baños minimalistas.",active
e10010,M3 pulsador oculto Edplit InvisiFlush,"<div class=""product-description"">
<p class=""delivery-badge"" style=""background:#f4f4f4; padding:8px; border-radius:4px; font-weight:bold; color:#b8956e;"">
    🚚 Plazo de entrega: 24-48h si hay stock | 8-15 días si requiere reposición
</p>

<h3>Descripción</h3>
<p>M3 pulsador oculto Edplit InvisiFlush (solo para GROHE) – negra, con consumibles</p>

<h3>Especificaciones Técnicas</h3>
<ul>
    <li><strong>SKU:</strong> E10010</li>
    <li><strong>Categoría:</strong> Pulsadores Ocultos</li>
    <li><strong>Montaje:</strong> Sistema oculto sin marco visible.</li>
</ul>

<h3>Servicios para Profesionales B2B</h3>
<p>Si eres arquitecto, interioristas o instalador, solicita tu cuenta profesional para acceder a tarifas especiales y soporte técnico prioritario en <a href=""mailto:info@edplit.es"">info@edplit.es</a>.</p>
</div>",EDPLIT España,Pulsadores Ocultos,"oculto,m3,grohe,con-consumibles,BAJO_PEDIDO",TRUE,Title,Default Title,E10010,800,shopify,0,continue,manual,402.50,TRUE,TRUE,https://edplit.es/images/products/e10010.jpg,1,M3 pulsador oculto Edplit InvisiFlush | Soluciones Ocultas EDPLIT,"M3 pulsador oculto Edplit InvisiFlush (solo para GROHE) – negra, con consumibles. Plazo de entrega: 24-48h si hay stock | 8-15 días si requiere reposición. Alta calidad para baños minimalistas.",active
e10024,"M1 pulsador oculto para OLI, con consumibles","<div class=""product-description"">
<p class=""delivery-badge"" style=""background:#f4f4f4; padding:8px; border-radius:4px; font-weight:bold; color:#b8956e;"">
    🚚 Plazo de entrega: 24-48h si hay stock | 8-15 días si requiere reposición
</p>

<h3>Descripción</h3>
<p>M1 pulsador oculto para OLI, con consumibles (solo para instalación específica)</p>

<h3>Especificaciones Técnicas</h3>
<ul>
    <li><strong>SKU:</strong> E10024</li>
    <li><strong>Categoría:</strong> Pulsadores Ocultos</li>
    <li><strong>Montaje:</strong> Sistema oculto sin marco visible.</li>
</ul>

<h3>Servicios para Profesionales B2B</h3>
<p>Si eres arquitecto, interioristas o instalador, solicita tu cuenta profesional para acceder a tarifas especiales y soporte técnico prioritario en <a href=""mailto:info@edplit.es"">info@edplit.es</a>.</p>
</div>",EDPLIT España,Pulsadores Ocultos,"oculto,oli,STOCK_ES,con-consumibles,m1",TRUE,Title,Default Title,E10024,800,shopify,0,continue,manual,425.50,TRUE,TRUE,https://edplit.es/images/products/e10024.jpg,1,"M1 pulsador oculto para OLI, con consumibles | Soluciones Ocultas EDPLIT","M1 pulsador oculto para OLI, con consumibles (solo para instalación específica). Plazo de entrega: 24-48h si hay stock | 8-15 días si requiere reposición. Alta calidad para baños minimalistas.",active
e10025,"M2 pulsador oculto para OLI, con consumibles","<div class=""product-description"">
<p class=""delivery-badge"" style=""background:#f4f4f4; padding:8px; border-radius:4px; font-weight:bold; color:#b8956e;"">
    🚚 Plazo de entrega: 24-48h si hay stock | 8-15 días si requiere reposición
</p>

<h3>Descripción</h3>
<p>M2 pulsador oculto para OLI, con consumibles (solo para instalación específica)</p>

<h3>Especificaciones Técnicas</h3>
<ul>
    <li><strong>SKU:</strong> E10025</li>
    <li><strong>Categoría:</strong> Pulsadores Ocultos</li>
    <li><strong>Montaje:</strong> Sistema oculto sin marco visible.</li>
</ul>

<h3>Servicios para Profesionales B2B</h3>
<p>Si eres arquitecto, interioristas o instalador, solicita tu cuenta profesional para acceder a tarifas especiales y soporte técnico prioritario en <a href=""mailto:info@edplit.es"">info@edplit.es</a>.</p>
</div>",EDPLIT España,Pulsadores Ocultos,"oculto,oli,m2,STOCK_ES,con-consumibles",TRUE,Title,Default Title,E10025,800,shopify,0,continue,manual,425.50,TRUE,TRUE,https://edplit.es/images/products/e10025.jpg,1,"M2 pulsador oculto para OLI, con consumibles | Soluciones Ocultas EDPLIT","M2 pulsador oculto para OLI, con consumibles (solo para instalación específica). Plazo de entrega: 24-48h si hay stock | 8-15 días si requiere reposición. Alta calidad para baños minimalistas.",active
e10028,"M1 pulsador oculto para Jomotech, con consumibles","<div class=""product-description"">
<p class=""delivery-badge"" style=""background:#f4f4f4; padding:8px; border-radius:4px; font-weight:bold; color:#b8956e;"">
    🚚 Plazo de entrega: 24-48h si hay stock | 8-15 días si requiere reposición
</p>

<h3>Descripción</h3>
<p>M1 pulsador oculto para Jomotech, con consumibles (solo para instalación específica)</p>

<h3>Especificaciones Técnicas</h3>
<ul>
    <li><strong>SKU:</strong> E10028</li>
    <li><strong>Categoría:</strong> Pulsadores Ocultos</li>
    <li><strong>Montaje:</strong> Sistema oculto sin marco visible.</li>
</ul>

<h3>Servicios para Profesionales B2B</h3>
<p>Si eres arquitecto, interioristas o instalador, solicita tu cuenta profesional para acceder a tarifas especiales y soporte técnico prioritario en <a href=""mailto:info@edplit.es"">info@edplit.es</a>.</p>
</div>",EDPLIT España,Pulsadores Ocultos,"jomotech,oculto,STOCK_ES,con-consumibles,m1",TRUE,Title,Default Title,E10028,800,shopify,0,continue,manual,425.50,TRUE,TRUE,https://edplit.es/images/products/e10028.jpg,1,"M1 pulsador oculto para Jomotech, con consumibles | Soluciones Ocultas EDPLIT","M1 pulsador oculto para Jomotech, con consumibles (solo para instalación específica). Plazo de entrega: 24-48h si hay stock | 8-15 días si requiere reposición. Alta calidad para baños minimalistas.",active
e10029,"M2 pulsador oculto para Jomotech, con consumibles","<div class=""product-description"">
<p class=""delivery-badge"" style=""background:#f4f4f4; padding:8px; border-radius:4px; font-weight:bold; color:#b8956e;"">
    🚚 Plazo de entrega: 24-48h si hay stock | 8-15 días si requiere reposición
</p>

<h3>Descripción</h3>
<p>M2 pulsador oculto para Jomotech, con consumibles (solo para instalación específica)</p>

<h3>Especificaciones Técnicas</h3>
<ul>
    <li><strong>SKU:</strong> E10029</li>
    <li><strong>Categoría:</strong> Pulsadores Ocultos</li>
    <li><strong>Montaje:</strong> Sistema oculto sin marco visible.</li>
</ul>

<h3>Servicios para Profesionales B2B</h3>
<p>Si eres arquitecto, interioristas o instalador, solicita tu cuenta profesional para acceder a tarifas especiales y soporte técnico prioritario en <a href=""mailto:info@edplit.es"">info@edplit.es</a>.</p>
</div>",EDPLIT España,Pulsadores Ocultos,"jomotech,oculto,m2,STOCK_ES,con-consumibles",TRUE,Title,Default Title,E10029,800,shopify,0,continue,manual,425.50,TRUE,TRUE,https://edplit.es/images/products/e10029.jpg,1,"M2 pulsador oculto para Jomotech, con consumibles | Soluciones Ocultas EDPLIT","M2 pulsador oculto para Jomotech, con consumibles (solo para instalación específica). Plazo de entrega: 24-48h si hay stock | 8-15 días si requiere reposición. Alta calidad para baños minimalistas.",active
e10013,M3 pulsador oculto Edplit InvisiFlush,"<div class=""product-description"">
<p class=""delivery-badge"" style=""background:#f4f4f4; padding:8px; border-radius:4px; font-weight:bold; color:#b8956e;"">
    🚚 Plazo de entrega: 24-48h si hay stock | 8-15 días si requiere reposición
</p>

<h3>Descripción</h3>
<p>M3 pulsador oculto Edplit InvisiFlush (solo para GROHE) – blanca</p>

<h3>Especificaciones Técnicas</h3>
<ul>
    <li><strong>SKU:</strong> E10013</li>
    <li><strong>Categoría:</strong> Pulsadores Ocultos</li>
    <li><strong>Montaje:</strong> Sistema oculto sin marco visible.</li>
</ul>

<h3>Servicios para Profesionales B2B</h3>
<p>Si eres arquitecto, interioristas o instalador, solicita tu cuenta profesional para acceder a tarifas especiales y soporte técnico prioritario en <a href=""mailto:info@edplit.es"">info@edplit.es</a>.</p>
</div>",EDPLIT España,Pulsadores Ocultos,"grohe,BAJO_PEDIDO,m3,oculto",TRUE,Title,Default Title,E10013,800,shopify,0,continue,manual,299.00,TRUE,TRUE,https://edplit.es/images/products/e10013.jpg,1,M3 pulsador oculto Edplit InvisiFlush | Soluciones Ocultas EDPLIT,M3 pulsador oculto Edplit InvisiFlush (solo para GROHE) – blanca. Plazo de entrega: 24-48h si hay stock | 8-15 días si requiere reposición. Alta calidad para baños minimalistas.,active
e10014,M3 pulsador oculto Edplit InvisiFlush,"<div class=""product-description"">
<p class=""delivery-badge"" style=""background:#f4f4f4; padding:8px; border-radius:4px; font-weight:bold; color:#b8956e;"">
    🚚 Plazo de entrega: 24-48h si hay stock | 8-15 días si requiere reposición
</p>

<h3>Descripción</h3>
<p>M3 pulsador oculto Edplit InvisiFlush (solo para GROHE) – negra</p>

<h3>Especificaciones Técnicas</h3>
<ul>
    <li><strong>SKU:</strong> E10014</li>
    <li><strong>Categoría:</strong> Pulsadores Ocultos</li>
    <li><strong>Montaje:</strong> Sistema oculto sin marco visible.</li>
</ul>

<h3>Servicios para Profesionales B2B</h3>
<p>Si eres arquitecto, interioristas o instalador, solicita tu cuenta profesional para acceder a tarifas especiales y soporte técnico prioritario en <a href=""mailto:info@edplit.es"">info@edplit.es</a>.</p>
</div>",EDPLIT España,Pulsadores Ocultos,"grohe,BAJO_PEDIDO,m3,oculto",TRUE,Title,Default Title,E10014,800,shopify,0,continue,manual,299.00,TRUE,TRUE,https://edplit.es/images/products/e10014.jpg,1,M3 pulsador oculto Edplit InvisiFlush | Soluciones Ocultas EDPLIT,M3 pulsador oculto Edplit InvisiFlush (solo para GROHE) – negra. Plazo de entrega: 24-48h si hay stock | 8-15 días si requiere reposición. Alta calidad para baños minimalistas.,active
e10015,"M1 pulsador oculto Edplit Invisi Tile Touch, sin consumibles","<div class=""product-description"">
<p class=""delivery-badge"" style=""background:#f4f4f4; padding:8px; border-radius:4px; font-weight:bold; color:#b8956e;"">
    🚚 Plazo de entrega: 24-48h si hay stock | 8-15 días si requiere reposición
</p>

<h3>Descripción</h3>
<p>M1 pulsador oculto Edplit Invisi Tile Touch, sin consumibles (5 en 1 universal: Sigma, Omega, AlcaPlast, Delta, Tece)</p>

<h3>Especificaciones Técnicas</h3>
<ul>
    <li><strong>SKU:</strong> E10015</li>
    <li><strong>Categoría:</strong> Pulsadores Ocultos</li>
    <li><strong>Montaje:</strong> Sistema oculto sin marco visible.</li>
</ul>

<h3>Servicios para Profesionales B2B</h3>
<p>Si eres arquitecto, interioristas o instalador, solicita tu cuenta profesional para acceder a tarifas especiales y soporte técnico prioritario en <a href=""mailto:info@edplit.es"">info@edplit.es</a>.</p>
</div>",EDPLIT España,Pulsadores Ocultos,"oculto,universal,delta,sigma,tece,geberit,omega,STOCK_ES,alcaplast,m1,sin-consumibles",TRUE,Title,Default Title,E10015,800,shopify,0,continue,manual,333.50,TRUE,TRUE,https://edplit.es/images/products/e10015.jpg,1,"M1 pulsador oculto Edplit Invisi Tile Touch, sin consumibles | Soluciones Ocultas EDPLIT","M1 pulsador oculto Edplit Invisi Tile Touch, sin consumibles (5 en 1 universal: Sigma, Omega, AlcaPlast, Delta, Tece). Plazo de entrega: 24-48h si hay stock | 8-15 días si requiere reposición. Alta calidad para baños minimalistas.",active
e10016,"M1 pulsador oculto para Sigma, sin consumibles","<div class=""product-description"">
<p class=""delivery-badge"" style=""background:#f4f4f4; padding:8px; border-radius:4px; font-weight:bold; color:#b8956e;"">
    🚚 Plazo de entrega: 24-48h si hay stock | 8-15 días si requiere reposición
</p>

<h3>Descripción</h3>
<p>M1 pulsador oculto para Sigma, sin consumibles (solo para instalación específica)</p>

<h3>Especificaciones Técnicas</h3>
<ul>
    <li><strong>SKU:</strong> E10016</li>
    <li><strong>Categoría:</strong> Pulsadores Ocultos</li>
    <li><strong>Montaje:</strong> Sistema oculto sin marco visible.</li>
</ul>

<h3>Servicios para Profesionales B2B</h3>
<p>Si eres arquitecto, interioristas o instalador, solicita tu cuenta profesional para acceder a tarifas especiales y soporte técnico prioritario en <a href=""mailto:info@edplit.es"">info@edplit.es</a>.</p>
</div>",EDPLIT España,Pulsadores Ocultos,"oculto,sigma,STOCK_ES,geberit,m1,sin-consumibles",TRUE,Title,Default Title,E10016,800,shopify,0,continue,manual,310.50,TRUE,TRUE,https://edplit.es/images/products/e10016.jpg,1,"M1 pulsador oculto para Sigma, sin consumibles | Soluciones Ocultas EDPLIT","M1 pulsador oculto para Sigma, sin consumibles (solo para instalación específica). Plazo de entrega: 24-48h si hay stock | 8-15 días si requiere reposición. Alta calidad para baños minimalistas.",active
e10016,"M1 pulsador oculto para Omega, sin consumibles","<div class=""product-description"">
<p class=""delivery-badge"" style=""background:#f4f4f4; padding:8px; border-radius:4px; font-weight:bold; color:#b8956e;"">
    🚚 Plazo de entrega: 24-48h si hay stock | 8-15 días si requiere reposición
</p>

<h3>Descripción</h3>
<p>M1 pulsador oculto para Omega, sin consumibles (solo para instalación específica)</p>

<h3>Especificaciones Técnicas</h3>
<ul>
    <li><strong>SKU:</strong> E10016</li>
    <li><strong>Categoría:</strong> Pulsadores Ocultos</li>
    <li><strong>Montaje:</strong> Sistema oculto sin marco visible.</li>
</ul>

<h3>Servicios para Profesionales B2B</h3>
<p>Si eres arquitecto, interioristas o instalador, solicita tu cuenta profesional para acceder a tarifas especiales y soporte técnico prioritario en <a href=""mailto:info@edplit.es"">info@edplit.es</a>.</p>
</div>",EDPLIT España,Pulsadores Ocultos,"oculto,STOCK_ES,geberit,omega,m1,sin-consumibles",TRUE,Title,Default Title,E10016,800,shopify,0,continue,manual,310.50,TRUE,TRUE,https://edplit.es/images/products/e10016.jpg,1,"M1 pulsador oculto para Omega, sin consumibles | Soluciones Ocultas EDPLIT","M1 pulsador oculto para Omega, sin consumibles (solo para instalación específica). Plazo de entrega: 24-48h si hay stock | 8-15 días si requiere reposición. Alta calidad para baños minimalistas.",active
e10016,"M1 pulsador oculto para Alcaplast, sin consumibles","<div class=""product-description"">
<p class=""delivery-badge"" style=""background:#f4f4f4; padding:8px; border-radius:4px; font-weight:bold; color:#b8956e;"">
    🚚 Plazo de entrega: 24-48h si hay stock | 8-15 días si requiere reposición
</p>

<h3>Descripción</h3>
<p>M1 pulsador oculto para Alcaplast, sin consumibles (solo para instalación específica)</p>

<h3>Especificaciones Técnicas</h3>
<ul>
    <li><strong>SKU:</strong> E10016</li>
    <li><strong>Categoría:</strong> Pulsadores Ocultos</li>
    <li><strong>Montaje:</strong> Sistema oculto sin marco visible.</li>
</ul>

<h3>Servicios para Profesionales B2B</h3>
<p>Si eres arquitecto, interioristas o instalador, solicita tu cuenta profesional para acceder a tarifas especiales y soporte técnico prioritario en <a href=""mailto:info@edplit.es"">info@edplit.es</a>.</p>
</div>",EDPLIT España,Pulsadores Ocultos,"oculto,STOCK_ES,alcaplast,m1,sin-consumibles",TRUE,Title,Default Title,E10016,800,shopify,0,continue,manual,310.50,TRUE,TRUE,https://edplit.es/images/products/e10016.jpg,1,"M1 pulsador oculto para Alcaplast, sin consumibles | Soluciones Ocultas EDPLIT","M1 pulsador oculto para Alcaplast, sin consumibles (solo para instalación específica). Plazo de entrega: 24-48h si hay stock | 8-15 días si requiere reposición. Alta calidad para baños minimalistas.",active
e10017,"M1 pulsador oculto para Delta, sin consumibles","<div class=""product-description"">
<p class=""delivery-badge"" style=""background:#f4f4f4; padding:8px; border-radius:4px; font-weight:bold; color:#b8956e;"">
    🚚 Plazo de entrega: 24-48h si hay stock | 8-15 días si requiere reposición
</p>

<h3>Descripción</h3>
<p>M1 pulsador oculto para Delta, sin consumibles (solo para instalación específica)</p>

<h3>Especificaciones Técnicas</h3>
<ul>
    <li><strong>SKU:</strong> E10017</li>
    <li><strong>Categoría:</strong> Pulsadores Ocultos</li>
    <li><strong>Montaje:</strong> Sistema oculto sin marco visible.</li>
</ul>

<h3>Servicios para Profesionales B2B</h3>
<p>Si eres arquitecto, interioristas o instalador, solicita tu cuenta profesional para acceder a tarifas especiales y soporte técnico prioritario en <a href=""mailto:info@edplit.es"">info@edplit.es</a>.</p>
</div>",EDPLIT España,Pulsadores Ocultos,"oculto,delta,STOCK_ES,m1,sin-consumibles",TRUE,Title,Default Title,E10017,800,shopify,0,continue,manual,310.50,TRUE,TRUE,https://edplit.es/images/products/e10017.jpg,1,"M1 pulsador oculto para Delta, sin consumibles | Soluciones Ocultas EDPLIT","M1 pulsador oculto para Delta, sin consumibles (solo para instalación específica). Plazo de entrega: 24-48h si hay stock | 8-15 días si requiere reposición. Alta calidad para baños minimalistas.",active
e10018,"M1 pulsador oculto para Tece, sin consumibles","<div class=""product-description"">
<p class=""delivery-badge"" style=""background:#f4f4f4; padding:8px; border-radius:4px; font-weight:bold; color:#b8956e;"">
    🚚 Plazo de entrega: 24-48h si hay stock | 8-15 días si requiere reposición
</p>

<h3>Descripción</h3>
<p>M1 pulsador oculto para Tece, sin consumibles (solo para instalación específica)</p>

<h3>Especificaciones Técnicas</h3>
<ul>
    <li><strong>SKU:</strong> E10018</li>
    <li><strong>Categoría:</strong> Pulsadores Ocultos</li>
    <li><strong>Montaje:</strong> Sistema oculto sin marco visible.</li>
</ul>

<h3>Servicios para Profesionales B2B</h3>
<p>Si eres arquitecto, interioristas o instalador, solicita tu cuenta profesional para acceder a tarifas especiales y soporte técnico prioritario en <a href=""mailto:info@edplit.es"">info@edplit.es</a>.</p>
</div>",EDPLIT España,Pulsadores Ocultos,"oculto,tece,STOCK_ES,m1,sin-consumibles",TRUE,Title,Default Title,E10018,800,shopify,0,continue,manual,310.50,TRUE,TRUE,https://edplit.es/images/products/e10018.jpg,1,"M1 pulsador oculto para Tece, sin consumibles | Soluciones Ocultas EDPLIT","M1 pulsador oculto para Tece, sin consumibles (solo para instalación específica). Plazo de entrega: 24-48h si hay stock | 8-15 días si requiere reposición. Alta calidad para baños minimalistas.",active
e10019,"M2 pulsador oculto para Sigma, sin consumibles","<div class=""product-description"">
<p class=""delivery-badge"" style=""background:#f4f4f4; padding:8px; border-radius:4px; font-weight:bold; color:#b8956e;"">
    🚚 Plazo de entrega: 24-48h si hay stock | 8-15 días si requiere reposición
</p>

<h3>Descripción</h3>
<p>M2 pulsador oculto para Sigma, sin consumibles (solo para instalación específica)</p>

<h3>Especificaciones Técnicas</h3>
<ul>
    <li><strong>SKU:</strong> E10019</li>
    <li><strong>Categoría:</strong> Pulsadores Ocultos</li>
    <li><strong>Montaje:</strong> Sistema oculto sin marco visible.</li>
</ul>

<h3>Servicios para Profesionales B2B</h3>
<p>Si eres arquitecto, interioristas o instalador, solicita tu cuenta profesional para acceder a tarifas especiales y soporte técnico prioritario en <a href=""mailto:info@edplit.es"">info@edplit.es</a>.</p>
</div>",EDPLIT España,Pulsadores Ocultos,"oculto,sigma,m2,STOCK_ES,geberit,sin-consumibles",TRUE,Title,Default Title,E10019,800,shopify,0,continue,manual,310.50,TRUE,TRUE,https://edplit.es/images/products/e10019.jpg,1,"M2 pulsador oculto para Sigma, sin consumibles | Soluciones Ocultas EDPLIT","M2 pulsador oculto para Sigma, sin consumibles (solo para instalación específica). Plazo de entrega: 24-48h si hay stock | 8-15 días si requiere reposición. Alta calidad para baños minimalistas.",active
e10019,"M2 pulsador oculto para Omega, sin consumibles","<div class=""product-description"">
<p class=""delivery-badge"" style=""background:#f4f4f4; padding:8px; border-radius:4px; font-weight:bold; color:#b8956e;"">
    🚚 Plazo de entrega: 24-48h si hay stock | 8-15 días si requiere reposición
</p>

<h3>Descripción</h3>
<p>M2 pulsador oculto para Omega, sin consumibles (solo para instalación específica)</p>

<h3>Especificaciones Técnicas</h3>
<ul>
    <li><strong>SKU:</strong> E10019</li>
    <li><strong>Categoría:</strong> Pulsadores Ocultos</li>
    <li><strong>Montaje:</strong> Sistema oculto sin marco visible.</li>
</ul>

<h3>Servicios para Profesionales B2B</h3>
<p>Si eres arquitecto, interioristas o instalador, solicita tu cuenta profesional para acceder a tarifas especiales y soporte técnico prioritario en <a href=""mailto:info@edplit.es"">info@edplit.es</a>.</p>
</div>",EDPLIT España,Pulsadores Ocultos,"oculto,m2,STOCK_ES,geberit,omega,sin-consumibles",TRUE,Title,Default Title,E10019,800,shopify,0,continue,manual,310.50,TRUE,TRUE,https://edplit.es/images/products/e10019.jpg,1,"M2 pulsador oculto para Omega, sin consumibles | Soluciones Ocultas EDPLIT","M2 pulsador oculto para Omega, sin consumibles (solo para instalación específica). Plazo de entrega: 24-48h si hay stock | 8-15 días si requiere reposición. Alta calidad para baños minimalistas.",active
e10019,"M2 pulsador oculto para Alcaplast, sin consumibles","<div class=""product-description"">
<p class=""delivery-badge"" style=""background:#f4f4f4; padding:8px; border-radius:4px; font-weight:bold; color:#b8956e;"">
    🚚 Plazo de entrega: 24-48h si hay stock | 8-15 días si requiere reposición
</p>

<h3>Descripción</h3>
<p>M2 pulsador oculto para Alcaplast, sin consumibles (solo para instalación específica)</p>

<h3>Especificaciones Técnicas</h3>
<ul>
    <li><strong>SKU:</strong> E10019</li>
    <li><strong>Categoría:</strong> Pulsadores Ocultos</li>
    <li><strong>Montaje:</strong> Sistema oculto sin marco visible.</li>
</ul>

<h3>Servicios para Profesionales B2B</h3>
<p>Si eres arquitecto, interioristas o instalador, solicita tu cuenta profesional para acceder a tarifas especiales y soporte técnico prioritario en <a href=""mailto:info@edplit.es"">info@edplit.es</a>.</p>
</div>",EDPLIT España,Pulsadores Ocultos,"oculto,m2,STOCK_ES,alcaplast,sin-consumibles",TRUE,Title,Default Title,E10019,800,shopify,0,continue,manual,310.50,TRUE,TRUE,https://edplit.es/images/products/e10019.jpg,1,"M2 pulsador oculto para Alcaplast, sin consumibles | Soluciones Ocultas EDPLIT","M2 pulsador oculto para Alcaplast, sin consumibles (solo para instalación específica). Plazo de entrega: 24-48h si hay stock | 8-15 días si requiere reposición. Alta calidad para baños minimalistas.",active
e10020,"M2 pulsador oculto para Delta, sin consumibles","<div class=""product-description"">
<p class=""delivery-badge"" style=""background:#f4f4f4; padding:8px; border-radius:4px; font-weight:bold; color:#b8956e;"">
    🚚 Plazo de entrega: 24-48h si hay stock | 8-15 días si requiere reposición
</p>

<h3>Descripción</h3>
<p>M2 pulsador oculto para Delta, sin consumibles (solo para instalación específica)</p>

<h3>Especificaciones Técnicas</h3>
<ul>
    <li><strong>SKU:</strong> E10020</li>
    <li><strong>Categoría:</strong> Pulsadores Ocultos</li>
    <li><strong>Montaje:</strong> Sistema oculto sin marco visible.</li>
</ul>

<h3>Servicios para Profesionales B2B</h3>
<p>Si eres arquitecto, interioristas o instalador, solicita tu cuenta profesional para acceder a tarifas especiales y soporte técnico prioritario en <a href=""mailto:info@edplit.es"">info@edplit.es</a>.</p>
</div>",EDPLIT España,Pulsadores Ocultos,"oculto,delta,m2,STOCK_ES,sin-consumibles",TRUE,Title,Default Title,E10020,800,shopify,0,continue,manual,310.50,TRUE,TRUE,https://edplit.es/images/products/e10020.jpg,1,"M2 pulsador oculto para Delta, sin consumibles | Soluciones Ocultas EDPLIT","M2 pulsador oculto para Delta, sin consumibles (solo para instalación específica). Plazo de entrega: 24-48h si hay stock | 8-15 días si requiere reposición. Alta calidad para baños minimalistas.",active
e10021,"M2 pulsador oculto para Tece, sin consumibles","<div class=""product-description"">
<p class=""delivery-badge"" style=""background:#f4f4f4; padding:8px; border-radius:4px; font-weight:bold; color:#b8956e;"">
    🚚 Plazo de entrega: 24-48h si hay stock | 8-15 días si requiere reposición
</p>

<h3>Descripción</h3>
<p>M2 pulsador oculto para Tece, sin consumibles (solo para instalación específica)</p>

<h3>Especificaciones Técnicas</h3>
<ul>
    <li><strong>SKU:</strong> E10021</li>
    <li><strong>Categoría:</strong> Pulsadores Ocultos</li>
    <li><strong>Montaje:</strong> Sistema oculto sin marco visible.</li>
</ul>

<h3>Servicios para Profesionales B2B</h3>
<p>Si eres arquitecto, interioristas o instalador, solicita tu cuenta profesional para acceder a tarifas especiales y soporte técnico prioritario en <a href=""mailto:info@edplit.es"">info@edplit.es</a>.</p>
</div>",EDPLIT España,Pulsadores Ocultos,"oculto,tece,m2,STOCK_ES,sin-consumibles",TRUE,Title,Default Title,E10021,800,shopify,0,continue,manual,310.50,TRUE,TRUE,https://edplit.es/images/products/e10021.jpg,1,"M2 pulsador oculto para Tece, sin consumibles | Soluciones Ocultas EDPLIT","M2 pulsador oculto para Tece, sin consumibles (solo para instalación específica). Plazo de entrega: 24-48h si hay stock | 8-15 días si requiere reposición. Alta calidad para baños minimalistas.",active
e10022,"M2 pulsador oculto Edplit Invisi Tile Touch, sin consumibles","<div class=""product-description"">
<p class=""delivery-badge"" style=""background:#f4f4f4; padding:8px; border-radius:4px; font-weight:bold; color:#b8956e;"">
    🚚 Plazo de entrega: 24-48h si hay stock | 8-15 días si requiere reposición
</p>

<h3>Descripción</h3>
<p>M2 pulsador oculto Edplit Invisi Tile Touch, sin consumibles (5 en 1 universal: Sigma, Omega, AlcaPlast, Delta, Tece)</p>

<h3>Especificaciones Técnicas</h3>
<ul>
    <li><strong>SKU:</strong> E10022</li>
    <li><strong>Categoría:</strong> Pulsadores Ocultos</li>
    <li><strong>Montaje:</strong> Sistema oculto sin marco visible.</li>
</ul>

<h3>Servicios para Profesionales B2B</h3>
<p>Si eres arquitecto, interioristas o instalador, solicita tu cuenta profesional para acceder a tarifas especiales y soporte técnico prioritario en <a href=""mailto:info@edplit.es"">info@edplit.es</a>.</p>
</div>",EDPLIT España,Pulsadores Ocultos,"oculto,universal,delta,sigma,tece,m2,geberit,omega,STOCK_ES,alcaplast,sin-consumibles",TRUE,Title,Default Title,E10022,800,shopify,0,continue,manual,333.50,TRUE,TRUE,https://edplit.es/images/products/e10022.jpg,1,"M2 pulsador oculto Edplit Invisi Tile Touch, sin consumibles | Soluciones Ocultas EDPLIT","M2 pulsador oculto Edplit Invisi Tile Touch, sin consumibles (5 en 1 universal: Sigma, Omega, AlcaPlast, Delta, Tece). Plazo de entrega: 24-48h si hay stock | 8-15 días si requiere reposición. Alta calidad para baños minimalistas.",active
e10026,"M1 pulsador oculto para OLI, sin consumibles","<div class=""product-description"">
<p class=""delivery-badge"" style=""background:#f4f4f4; padding:8px; border-radius:4px; font-weight:bold; color:#b8956e;"">
    🚚 Plazo de entrega: 24-48h si hay stock | 8-15 días si requiere reposición
</p>

<h3>Descripción</h3>
<p>M1 pulsador oculto para OLI, sin consumibles (solo para instalación específica)</p>

<h3>Especificaciones Técnicas</h3>
<ul>
    <li><strong>SKU:</strong> E10026</li>
    <li><strong>Categoría:</strong> Pulsadores Ocultos</li>
    <li><strong>Montaje:</strong> Sistema oculto sin marco visible.</li>
</ul>

<h3>Servicios para Profesionales B2B</h3>
<p>Si eres arquitecto, interioristas o instalador, solicita tu cuenta profesional para acceder a tarifas especiales y soporte técnico prioritario en <a href=""mailto:info@edplit.es"">info@edplit.es</a>.</p>
</div>",EDPLIT España,Pulsadores Ocultos,"oculto,oli,STOCK_ES,m1,sin-consumibles",TRUE,Title,Default Title,E10026,800,shopify,0,continue,manual,310.50,TRUE,TRUE,https://edplit.es/images/products/e10026.jpg,1,"M1 pulsador oculto para OLI, sin consumibles | Soluciones Ocultas EDPLIT","M1 pulsador oculto para OLI, sin consumibles (solo para instalación específica). Plazo de entrega: 24-48h si hay stock | 8-15 días si requiere reposición. Alta calidad para baños minimalistas.",active
e10027,"M2 pulsador oculto para OLI, sin consumibles","<div class=""product-description"">
<p class=""delivery-badge"" style=""background:#f4f4f4; padding:8px; border-radius:4px; font-weight:bold; color:#b8956e;"">
    🚚 Plazo de entrega: 24-48h si hay stock | 8-15 días si requiere reposición
</p>

<h3>Descripción</h3>
<p>M2 pulsador oculto para OLI, sin consumibles (solo para instalación específica)</p>

<h3>Especificaciones Técnicas</h3>
<ul>
    <li><strong>SKU:</strong> E10027</li>
    <li><strong>Categoría:</strong> Pulsadores Ocultos</li>
    <li><strong>Montaje:</strong> Sistema oculto sin marco visible.</li>
</ul>

<h3>Servicios para Profesionales B2B</h3>
<p>Si eres arquitecto, interioristas o instalador, solicita tu cuenta profesional para acceder a tarifas especiales y soporte técnico prioritario en <a href=""mailto:info@edplit.es"">info@edplit.es</a>.</p>
</div>",EDPLIT España,Pulsadores Ocultos,"oculto,oli,m2,STOCK_ES,sin-consumibles",TRUE,Title,Default Title,E10027,800,shopify,0,continue,manual,310.50,TRUE,TRUE,https://edplit.es/images/products/e10027.jpg,1,"M2 pulsador oculto para OLI, sin consumibles | Soluciones Ocultas EDPLIT","M2 pulsador oculto para OLI, sin consumibles (solo para instalación específica). Plazo de entrega: 24-48h si hay stock | 8-15 días si requiere reposición. Alta calidad para baños minimalistas.",active
e10030,"M1 pulsador oculto para Jomotech, sin consumibles","<div class=""product-description"">
<p class=""delivery-badge"" style=""background:#f4f4f4; padding:8px; border-radius:4px; font-weight:bold; color:#b8956e;"">
    🚚 Plazo de entrega: 24-48h si hay stock | 8-15 días si requiere reposición
</p>

<h3>Descripción</h3>
<p>M1 pulsador oculto para Jomotech, sin consumibles (solo para instalación específica)</p>

<h3>Especificaciones Técnicas</h3>
<ul>
    <li><strong>SKU:</strong> E10030</li>
    <li><strong>Categoría:</strong> Pulsadores Ocultos</li>
    <li><strong>Montaje:</strong> Sistema oculto sin marco visible.</li>
</ul>

<h3>Servicios para Profesionales B2B</h3>
<p>Si eres arquitecto, interioristas o instalador, solicita tu cuenta profesional para acceder a tarifas especiales y soporte técnico prioritario en <a href=""mailto:info@edplit.es"">info@edplit.es</a>.</p>
</div>",EDPLIT España,Pulsadores Ocultos,"jomotech,oculto,STOCK_ES,m1,sin-consumibles",TRUE,Title,Default Title,E10030,800,shopify,0,continue,manual,310.50,TRUE,TRUE,https://edplit.es/images/products/e10030.jpg,1,"M1 pulsador oculto para Jomotech, sin consumibles | Soluciones Ocultas EDPLIT","M1 pulsador oculto para Jomotech, sin consumibles (solo para instalación específica). Plazo de entrega: 24-48h si hay stock | 8-15 días si requiere reposición. Alta calidad para baños minimalistas.",active
e10031,"M2 pulsador oculto para Jomotech, sin consumibles","<div class=""product-description"">
<p class=""delivery-badge"" style=""background:#f4f4f4; padding:8px; border-radius:4px; font-weight:bold; color:#b8956e;"">
    🚚 Plazo de entrega: 24-48h si hay stock | 8-15 días si requiere reposición
</p>

<h3>Descripción</h3>
<p>M2 pulsador oculto para Jomotech, sin consumibles (solo para instalación específica)</p>

<h3>Especificaciones Técnicas</h3>
<ul>
    <li><strong>SKU:</strong> E10031</li>
    <li><strong>Categoría:</strong> Pulsadores Ocultos</li>
    <li><strong>Montaje:</strong> Sistema oculto sin marco visible.</li>
</ul>

<h3>Servicios para Profesionales B2B</h3>
<p>Si eres arquitecto, interioristas o instalador, solicita tu cuenta profesional para acceder a tarifas especiales y soporte técnico prioritario en <a href=""mailto:info@edplit.es"">info@edplit.es</a>.</p>
</div>",EDPLIT España,Pulsadores Ocultos,"jomotech,oculto,m2,STOCK_ES,sin-consumibles",TRUE,Title,Default Title,E10031,800,shopify,0,continue,manual,310.50,TRUE,TRUE,https://edplit.es/images/products/e10031.jpg,1,"M2 pulsador oculto para Jomotech, sin consumibles | Soluciones Ocultas EDPLIT","M2 pulsador oculto para Jomotech, sin consumibles (solo para instalación específica). Plazo de entrega: 24-48h si hay stock | 8-15 días si requiere reposición. Alta calidad para baños minimalistas.",active
e10033,"M4 pulsador oculto de descarga sin marco, con consumibles","<div class=""product-description"">
<p class=""delivery-badge"" style=""background:#f4f4f4; padding:8px; border-radius:4px; font-weight:bold; color:#b8956e;"">
    🚚 Plazo de entrega: 24-48h si hay stock | 8-15 días si requiere reposición
</p>

<h3>Descripción</h3>
<p>M4 pulsador oculto de descarga sin marco, con consumibles (compatible con Geberit, AlcaPlast, TECE, Viega, VitrA, Noken, JomoTech y Cersanit)</p>

<h3>Especificaciones Técnicas</h3>
<ul>
    <li><strong>SKU:</strong> E10033</li>
    <li><strong>Categoría:</strong> Pulsadores Ocultos</li>
    <li><strong>Montaje:</strong> Sistema oculto sin marco visible.</li>
</ul>

<h3>Servicios para Profesionales B2B</h3>
<p>Si eres arquitecto, interioristas o instalador, solicita tu cuenta profesional para acceder a tarifas especiales y soporte técnico prioritario en <a href=""mailto:info@edplit.es"">info@edplit.es</a>.</p>
</div>",EDPLIT España,Pulsadores Ocultos,"cersanit,oculto,vitra,viega,tece,BAJO_PEDIDO,noken,con-consumibles,m4,alcaplast",TRUE,Title,Default Title,E10033,800,shopify,0,continue,manual,468.00,TRUE,TRUE,https://edplit.es/images/products/e10033.jpg,1,"M4 pulsador oculto de descarga sin marco, con consumibles | Soluciones Ocultas EDPLIT","M4 pulsador oculto de descarga sin marco, con consumibles (compatible con Geberit, AlcaPlast, TECE, Viega, VitrA, Noken, JomoTech y Cersanit). Plazo de entrega: 24-48h si hay stock | 8-15 días si requiere reposición. Alta calidad para baños minimalistas.",active
e10032,"M4 pulsador oculto de descarga sin marco, sin consumibles","<div class=""product-description"">
<p class=""delivery-badge"" style=""background:#f4f4f4; padding:8px; border-radius:4px; font-weight:bold; color:#b8956e;"">
    🚚 Plazo de entrega: 24-48h si hay stock | 8-15 días si requiere reposición
</p>

<h3>Descripción</h3>
<p>M4 pulsador oculto de descarga sin marco, sin consumibles (compatible con Geberit, AlcaPlast, TECE, Viega, VitrA, Noken, JomoTech y Cersanit)</p>

<h3>Especificaciones Técnicas</h3>
<ul>
    <li><strong>SKU:</strong> E10032</li>
    <li><strong>Categoría:</strong> Pulsadores Ocultos</li>
    <li><strong>Montaje:</strong> Sistema oculto sin marco visible.</li>
</ul>

<h3>Servicios para Profesionales B2B</h3>
<p>Si eres arquitecto, interioristas o instalador, solicita tu cuenta profesional para acceder a tarifas especiales y soporte técnico prioritario en <a href=""mailto:info@edplit.es"">info@edplit.es</a>.</p>
</div>",EDPLIT España,Pulsadores Ocultos,"cersanit,oculto,vitra,viega,tece,BAJO_PEDIDO,noken,m4,alcaplast,sin-consumibles",TRUE,Title,Default Title,E10032,800,shopify,0,continue,manual,346.80,TRUE,TRUE,https://edplit.es/images/products/e10032.jpg,1,"M4 pulsador oculto de descarga sin marco, sin consumibles | Soluciones Ocultas EDPLIT","M4 pulsador oculto de descarga sin marco, sin consumibles (compatible con Geberit, AlcaPlast, TECE, Viega, VitrA, Noken, JomoTech y Cersanit). Plazo de entrega: 24-48h si hay stock | 8-15 días si requiere reposición. Alta calidad para baños minimalistas.",active
e40009,Marco oculto EDPLIT para enchufe e interruptor – simple,"<div class=""product-description"">
<p class=""delivery-badge"" style=""background:#f4f4f4; padding:8px; border-radius:4px; font-weight:bold; color:#b8956e;"">
    🚚 Plazo de entrega: 24-48h si hay stock | 8-15 días si requiere reposición
</p>

<h3>Descripción</h3>
<p>Marco oculto EDPLIT para enchufe e interruptor – simple</p>

<h3>Especificaciones Técnicas</h3>
<ul>
    <li><strong>SKU:</strong> E40009</li>
    <li><strong>Categoría:</strong> Enchufes e Interruptores</li>
    <li><strong>Montaje:</strong> Sistema oculto sin marco visible.</li>
</ul>

<h3>Servicios para Profesionales B2B</h3>
<p>Si eres arquitecto, interioristas o instalador, solicita tu cuenta profesional para acceder a tarifas especiales y soporte técnico prioritario en <a href=""mailto:info@edplit.es"">info@edplit.es</a>.</p>
</div>",EDPLIT España,Enchufes e Interruptores,"oculto,STOCK_ES",TRUE,Title,Default Title,E40009,800,shopify,0,continue,manual,10.81,TRUE,TRUE,https://edplit.es/images/products/e40009.jpg,1,Marco oculto EDPLIT para enchufe e interruptor – simple | Soluciones Ocultas EDPLIT,Marco oculto EDPLIT para enchufe e interruptor – simple. Plazo de entrega: 24-48h si hay stock | 8-15 días si requiere reposición. Alta calidad para baños minimalistas.,active
e40010,Marco oculto EDPLIT para enchufe e interruptor – doble,"<div class=""product-description"">
<p class=""delivery-badge"" style=""background:#f4f4f4; padding:8px; border-radius:4px; font-weight:bold; color:#b8956e;"">
    🚚 Plazo de entrega: 24-48h si hay stock | 8-15 días si requiere reposición
</p>

<h3>Descripción</h3>
<p>Marco oculto EDPLIT para enchufe e interruptor – doble</p>

<h3>Especificaciones Técnicas</h3>
<ul>
    <li><strong>SKU:</strong> E40010</li>
    <li><strong>Categoría:</strong> Enchufes e Interruptores</li>
    <li><strong>Montaje:</strong> Sistema oculto sin marco visible.</li>
</ul>

<h3>Servicios para Profesionales B2B</h3>
<p>Si eres arquitecto, interioristas o instalador, solicita tu cuenta profesional para acceder a tarifas especiales y soporte técnico prioritario en <a href=""mailto:info@edplit.es"">info@edplit.es</a>.</p>
</div>",EDPLIT España,Enchufes e Interruptores,"oculto,STOCK_ES",TRUE,Title,Default Title,E40010,800,shopify,0,continue,manual,19.55,TRUE,TRUE,https://edplit.es/images/products/e40010.jpg,1,Marco oculto EDPLIT para enchufe e interruptor – doble | Soluciones Ocultas EDPLIT,Marco oculto EDPLIT para enchufe e interruptor – doble. Plazo de entrega: 24-48h si hay stock | 8-15 días si requiere reposición. Alta calidad para baños minimalistas.,active
e40011,Marco oculto EDPLIT para enchufe e interruptor – triple,"<div class=""product-description"">
<p class=""delivery-badge"" style=""background:#f4f4f4; padding:8px; border-radius:4px; font-weight:bold; color:#b8956e;"">
    🚚 Plazo de entrega: 24-48h si hay stock | 8-15 días si requiere reposición
</p>

<h3>Descripción</h3>
<p>Marco oculto EDPLIT para enchufe e interruptor – triple</p>

<h3>Especificaciones Técnicas</h3>
<ul>
    <li><strong>SKU:</strong> E40011</li>
    <li><strong>Categoría:</strong> Enchufes e Interruptores</li>
    <li><strong>Montaje:</strong> Sistema oculto sin marco visible.</li>
</ul>

<h3>Servicios para Profesionales B2B</h3>
<p>Si eres arquitecto, interioristas o instalador, solicita tu cuenta profesional para acceder a tarifas especiales y soporte técnico prioritario en <a href=""mailto:info@edplit.es"">info@edplit.es</a>.</p>
</div>",EDPLIT España,Enchufes e Interruptores,"oculto,STOCK_ES",TRUE,Title,Default Title,E40011,800,shopify,0,continue,manual,28.75,TRUE,TRUE,https://edplit.es/images/products/e40011.jpg,1,Marco oculto EDPLIT para enchufe e interruptor – triple | Soluciones Ocultas EDPLIT,Marco oculto EDPLIT para enchufe e interruptor – triple. Plazo de entrega: 24-48h si hay stock | 8-15 días si requiere reposición. Alta calidad para baños minimalistas.,active
e40012,Marco oculto EDPLIT para enchufe e interruptor – cuádruple,"<div class=""product-description"">
<p class=""delivery-badge"" style=""background:#f4f4f4; padding:8px; border-radius:4px; font-weight:bold; color:#b8956e;"">
    🚚 Plazo de entrega: 24-48h si hay stock | 8-15 días si requiere reposición
</p>

<h3>Descripción</h3>
<p>Marco oculto EDPLIT para enchufe e interruptor – cuádruple</p>

<h3>Especificaciones Técnicas</h3>
<ul>
    <li><strong>SKU:</strong> E40012</li>
    <li><strong>Categoría:</strong> Enchufes e Interruptores</li>
    <li><strong>Montaje:</strong> Sistema oculto sin marco visible.</li>
</ul>

<h3>Servicios para Profesionales B2B</h3>
<p>Si eres arquitecto, interioristas o instalador, solicita tu cuenta profesional para acceder a tarifas especiales y soporte técnico prioritario en <a href=""mailto:info@edplit.es"">info@edplit.es</a>.</p>
</div>",EDPLIT España,Enchufes e Interruptores,"oculto,STOCK_ES",TRUE,Title,Default Title,E40012,800,shopify,0,continue,manual,36.80,TRUE,TRUE,https://edplit.es/images/products/e40012.jpg,1,Marco oculto EDPLIT para enchufe e interruptor – cuádruple | Soluciones Ocultas EDPLIT,Marco oculto EDPLIT para enchufe e interruptor – cuádruple. Plazo de entrega: 24-48h si hay stock | 8-15 días si requiere reposición. Alta calidad para baños minimalistas.,active
e40013-e40014-e40015,Mecanismo de enchufe EDPLIT ONE,"<div class=""product-description"">
<p class=""delivery-badge"" style=""background:#f4f4f4; padding:8px; border-radius:4px; font-weight:bold; color:#b8956e;"">
    🚚 Plazo de entrega: 24-48h si hay stock | 8-15 días si requiere reposición
</p>

<h3>Descripción</h3>
<p>Mecanismo de enchufe EDPLIT ONE (tipo F) – negro/blanco/beige</p>

<h3>Especificaciones Técnicas</h3>
<ul>
    <li><strong>SKU:</strong> E40013/E40014/E40015</li>
    <li><strong>Categoría:</strong> Enchufes e Interruptores</li>
    <li><strong>Montaje:</strong> Sistema oculto sin marco visible.</li>
</ul>

<h3>Servicios para Profesionales B2B</h3>
<p>Si eres arquitecto, interioristas o instalador, solicita tu cuenta profesional para acceder a tarifas especiales y soporte técnico prioritario en <a href=""mailto:info@edplit.es"">info@edplit.es</a>.</p>
</div>",EDPLIT España,Enchufes e Interruptores,STOCK_ES,TRUE,Title,Default Title,E40013/E40014/E40015,800,shopify,0,continue,manual,56.35,TRUE,TRUE,https://edplit.es/images/products/e40013-e40014-e40015.jpg,1,Mecanismo de enchufe EDPLIT ONE | Soluciones Ocultas EDPLIT,Mecanismo de enchufe EDPLIT ONE (tipo F) – negro/blanco/beige. Plazo de entrega: 24-48h si hay stock | 8-15 días si requiere reposición. Alta calidad para baños minimalistas.,active
e40016,Interruptor invisible EDPLIT – simple,"<div class=""product-description"">
<p class=""delivery-badge"" style=""background:#f4f4f4; padding:8px; border-radius:4px; font-weight:bold; color:#b8956e;"">
    🚚 Plazo de entrega: 24-48h si hay stock | 8-15 días si requiere reposición
</p>

<h3>Descripción</h3>
<p>Interruptor invisible EDPLIT – simple</p>

<h3>Especificaciones Técnicas</h3>
<ul>
    <li><strong>SKU:</strong> E40016</li>
    <li><strong>Categoría:</strong> Enchufes e Interruptores</li>
    <li><strong>Montaje:</strong> Sistema oculto sin marco visible.</li>
</ul>

<h3>Servicios para Profesionales B2B</h3>
<p>Si eres arquitecto, interioristas o instalador, solicita tu cuenta profesional para acceder a tarifas especiales y soporte técnico prioritario en <a href=""mailto:info@edplit.es"">info@edplit.es</a>.</p>
</div>",EDPLIT España,Enchufes e Interruptores,STOCK_ES,TRUE,Title,Default Title,E40016,800,shopify,0,continue,manual,56.35,TRUE,TRUE,https://edplit.es/images/products/e40016.jpg,1,Interruptor invisible EDPLIT – simple | Soluciones Ocultas EDPLIT,Interruptor invisible EDPLIT – simple. Plazo de entrega: 24-48h si hay stock | 8-15 días si requiere reposición. Alta calidad para baños minimalistas.,active
e40017,Interruptor invisible EDPLIT – doble,"<div class=""product-description"">
<p class=""delivery-badge"" style=""background:#f4f4f4; padding:8px; border-radius:4px; font-weight:bold; color:#b8956e;"">
    🚚 Plazo de entrega: 24-48h si hay stock | 8-15 días si requiere reposición
</p>

<h3>Descripción</h3>
<p>Interruptor invisible EDPLIT – doble</p>

<h3>Especificaciones Técnicas</h3>
<ul>
    <li><strong>SKU:</strong> E40017</li>
    <li><strong>Categoría:</strong> Enchufes e Interruptores</li>
    <li><strong>Montaje:</strong> Sistema oculto sin marco visible.</li>
</ul>

<h3>Servicios para Profesionales B2B</h3>
<p>Si eres arquitecto, interioristas o instalador, solicita tu cuenta profesional para acceder a tarifas especiales y soporte técnico prioritario en <a href=""mailto:info@edplit.es"">info@edplit.es</a>.</p>
</div>",EDPLIT España,Enchufes e Interruptores,STOCK_ES,TRUE,Title,Default Title,E40017,800,shopify,0,continue,manual,79.35,TRUE,TRUE,https://edplit.es/images/products/e40017.jpg,1,Interruptor invisible EDPLIT – doble | Soluciones Ocultas EDPLIT,Interruptor invisible EDPLIT – doble. Plazo de entrega: 24-48h si hay stock | 8-15 días si requiere reposición. Alta calidad para baños minimalistas.,active
e60001,Juego de soportes ocultos para toallas,"<div class=""product-description"">
<p class=""delivery-badge"" style=""background:#f4f4f4; padding:8px; border-radius:4px; font-weight:bold; color:#b8956e;"">
    🚚 Plazo de entrega: 24-48h si hay stock | 8-15 días si requiere reposición
</p>

<h3>Descripción</h3>
<p>Juego de soportes ocultos para toallas (3 uds.)</p>

<h3>Especificaciones Técnicas</h3>
<ul>
    <li><strong>SKU:</strong> E60001</li>
    <li><strong>Categoría:</strong> Toalleros Ocultos</li>
    <li><strong>Montaje:</strong> Sistema oculto sin marco visible.</li>
</ul>

<h3>Servicios para Profesionales B2B</h3>
<p>Si eres arquitecto, interioristas o instalador, solicita tu cuenta profesional para acceder a tarifas especiales y soporte técnico prioritario en <a href=""mailto:info@edplit.es"">info@edplit.es</a>.</p>
</div>",EDPLIT España,Toalleros Ocultos,"oculto,STOCK_ES",TRUE,Title,Default Title,E60001,800,shopify,0,continue,manual,109.25,TRUE,TRUE,https://edplit.es/images/products/e60001.jpg,1,Juego de soportes ocultos para toallas | Soluciones Ocultas EDPLIT,Juego de soportes ocultos para toallas (3 uds.). Plazo de entrega: 24-48h si hay stock | 8-15 días si requiere reposición. Alta calidad para baños minimalistas.,active
e60002,Juego de soportes ocultos para toallas,"<div class=""product-description"">
<p class=""delivery-badge"" style=""background:#f4f4f4; padding:8px; border-radius:4px; font-weight:bold; color:#b8956e;"">
    🚚 Plazo de entrega: 24-48h si hay stock | 8-15 días si requiere reposición
</p>

<h3>Descripción</h3>
<p>Juego de soportes ocultos para toallas (5 uds.)</p>

<h3>Especificaciones Técnicas</h3>
<ul>
    <li><strong>SKU:</strong> E60002</li>
    <li><strong>Categoría:</strong> Toalleros Ocultos</li>
    <li><strong>Montaje:</strong> Sistema oculto sin marco visible.</li>
</ul>

<h3>Servicios para Profesionales B2B</h3>
<p>Si eres arquitecto, interioristas o instalador, solicita tu cuenta profesional para acceder a tarifas especiales y soporte técnico prioritario en <a href=""mailto:info@edplit.es"">info@edplit.es</a>.</p>
</div>",EDPLIT España,Toalleros Ocultos,"BAJO_PEDIDO,oculto",TRUE,Title,Default Title,E60002,800,shopify,0,continue,manual,159.85,TRUE,TRUE,https://edplit.es/images/products/e60002.jpg,1,Juego de soportes ocultos para toallas | Soluciones Ocultas EDPLIT,Juego de soportes ocultos para toallas (5 uds.). Plazo de entrega: 24-48h si hay stock | 8-15 días si requiere reposición. Alta calidad para baños minimalistas.,active
