Producto,Código (SKU),PVP (€),10%,15%,20%,25%,30%
Trampilla de acceso oculta ESTANDARD EDPLIT – con consumibles,E20005,126,113.4,107.1,100.8,94.5,88.2
Trampilla de acceso oculta ESTANDARD Plus EDPLIT – con consumibles,E20003,171.35,154.22,145.65,137.08,128.51,119.95
Trampilla de acceso oculta Pro EDPLIT – con consumibles,E20007,206,185.4,175.1,164.8,154.5,144.2
Trampilla de acceso oculta ESTANDARD EDPLIT – sin consumibles,E20006,68,61.2,57.8,54.4,51,47.6
Trampilla de acceso oculta ESTANDARD Plus EDPLIT – sin consumibles,E20004,103,92.7,87.55,82.4,77.25,72.1
Trampilla de acceso oculta Pro EDPLIT – sin consumibles,E20008,126,113.4,107.1,100.8,94.5,88.2
Sistema de montaje oculto para ventilador de baño EDPLIT 100mm -con consumibles,E30001,218.5,196.65,185.73,174.8,163.88,152.95
Sistema de montaje oculto para ventilador de baño EDPLIT 125mm -con consumibles,E30002,263.35,237.02,223.85,210.68,197.51,184.35
Sistema de montaje oculto para ventilador de baño EDPLIT 150mm -con consumibles,E30003,286.35,257.72,243.4,229.08,214.76,200.45
Sistema de montaje oculto para ventilador de baño EDPLIT 100mm -SIN consumibles,E30004,149,134.1,126.65,119.2,111.75,104.3
Sistema de montaje oculto para ventilador de baño EDPLIT 125mm -SIN consumibles,E30005,195,175.5,165.75,156,146.25,136.5
Sistema de montaje oculto para ventilador de baño EDPLIT 150mm -SIN consumibles,E30006,229,206.1,194.65,183.2,171.75,160.3
Ventilador de conducto Vents Quietline 100 mm,E30007,171.35,154.22,145.65,137.08,128.51,119.95
Ventilador de conducto Vents Quietline 125 mm,E30008,217.35,195.62,184.75,173.88,163.01,152.15
Ventilador de conducto Vents Quietline 150 mm,E30009,332.35,299.12,282.5,265.88,249.26,232.65
M1 pulsador oculto (7en1) Edplit con consumibles (7 en 1 Geberit: Sigma Omega Delta AlcaPlast Viega Tece TOTO),E10001,450,405,382.5,360,337.5,315
M1 (5en1) con consumibles (Geberit: Sigma Omega front Viega Alcaplast TOTO),E10002,430,387,365.5,344,322.5,301
M1 pulsador oculto para Geberit Delta con consumibles,E10003,430,387,365.5,344,322.5,301
M1 pulsador oculto para Tece con consumibles,E10004,430,387,365.5,344,322.5,301
M2 PRO pulsador oculto Edplit con consumibles (10 en 1 universal: Sigma Omega Delta AlcaPlast Viega Vitra TOTO Cersanit Jomotech Tece),E10051,450,405,382.5,360,337.5,315
M2 PRO pulsador oculto Edplit con consumibles (5 en 1 Geberit Sigma Omega front AlcaPlast Viega TOTO),E10052,430,387,365.5,344,322.5,301
M2 PRO pulsador oculto Edplit con consumibles 5 en 1 (Tece Vitra Cersanit Jomotec Geberit Delta),E10053,430,387,365.5,344,322.5,301
M3 pulsador oculto Edplit con consumibles (solo para GROHE) – blanca,E10009,402.5,362.25,342.13,322,301.88,281.75
M3 pulsador oculto Edplit con consumibles (solo para GROHE) – negra,E10010,402.5,362.25,342.13,322,301.88,281.75
M1 pulsador oculto para OLI con consumibles (solo para instalacion especifica),E10024,430,387,365.5,344,322.5,301
M4 UNIVERSAL (11 en 1) con consumibles Geberit Sigma Omega front Delta AlcaPlast Tece Viega Vitra Cersanit Noken Jomotech TOTO,E10043,506,455.4,430.1,404.8,379.5,354.2
M4 (5 en 1) con consumibles (Geberit Omega Front Sigma AlcaPlast Viega TOTO),E10044,486,437.4,413.1,388.8,364.5,340.2
M4 (5 en 1) con consumibles (Tece Vitra Cersanit Noken Jomotech),E10046,486,437.4,413.1,388.8,364.5,340.2
M4 pulsador oculto con consumibles (Geberit Delta),E10045,486,437.4,413.1,388.8,364.5,340.2
M3 pulsador oculto Edplit sin consumibles (solo para GROHE) – blanca,E10013,299,269.1,254.15,239.2,224.25,209.3
M3 pulsador oculto Edplit sin consumibles (solo para GROHE) – negra,E10014,299,269.1,254.15,239.2,224.25,209.3
M1 pulsador oculto Edplit sin consumibles (7 en 1 universal: Sigma Omega AlcaPlast Delta Tece Viega TOTO),E10015,333.5,300.15,283.48,266.8,250.13,233.45
M1 pulsador oculto Edplit sin consumibles (5 en 1) Geberit: Sigma Omega front Viega Alcaplast TOTO,E10016,310.5,279.45,263.93,248.4,232.88,217.35
M1 pulsador oculto para GEBERIT Delta sin consumibles,E10017,310.5,279.45,263.93,248.4,232.88,217.35
M1 pulsador oculto para Tece sin consumibles,E10018,310.5,279.45,263.93,248.4,232.88,217.35
M2 PRO pulsador oculto 10 en 1 sin consumibles Geberit: Sigma Omega front Delta AlcaPlast Tece Viega Vitra TOTO Cersanit Jomotech,E10054,333.5,300.15,283.48,266.8,250.13,233.45
M2 PRO pulsador oculto 5 en 1 sin consumibles (Geberit: Sigma Omega front AlcaPlast Viega TOTO),E10055,310.5,279.45,263.93,248.4,232.88,217.35
M2 PRO pulsador oculto 5 en 1 sin consumibles (Tece Vitra Cersanit Jomotec Geberit Delta),E10056,310.5,279.45,263.93,248.4,232.88,217.35
M1 pulsador oculto para OLI sin consumibles,E10026,310.5,279.45,263.93,248.4,232.88,217.35
M4 UNIVERSAL (11 en 1) sin consumibles Geberit Sigma Omega front Delta AlcaPlast Tece Viega Vitra Cersanit Noken Jomotech TOTO,E10047,391,351.9,332.35,312.8,293.25,273.7
M4 (5 en 1) sin consumibles (Geberit Omega Front Sigma AlcaPlast Viega TOTO),E10048,371,333.9,315.35,296.8,278.25,259.7
M4 (5 en 1) sin consumibles (Tece Vitra Cersanit Noken Jomotech),E10050,371,333.9,315.35,296.8,278.25,259.7
M4 pulsador oculto para Geberit Delta sin consumibles,E10049,371,333.9,315.35,296.8,278.25,259.7
M1 pulsador oculto para Jomotech sin consumibles,E10030,310.5,279.45,263.93,248.4,232.88,217.35
Marco oculto EDPLIT para enchufe e interruptor – simple,E40009,10.81,9.73,9.19,8.65,8.11,7.57
Marco oculto EDPLIT para enchufe e interruptor – doble,E40010,19.55,17.6,16.62,15.64,14.66,13.69
Marco oculto EDPLIT para enchufe e interruptor – triple,E40011,28.75,25.88,24.44,23,21.56,20.13
Marco oculto EDPLIT para enchufe e interruptor – cuadruple,E40012,36.8,33.12,31.28,29.44,27.6,25.76
Mecanismo de enchufe EDPLIT ONE (tipo F) – negro/blanco/beige,E40013/E40014/E40015,57,51.3,48.45,45.6,42.75,39.9
Interruptor invisible EDPLIT – simple,E40016,57,51.3,48.45,45.6,42.75,39.9
Interruptor invisible EDPLIT – doble,E40017,80,72,68,64,60,56
Juego de soportes ocultos para toallas (3 uds.),E60001,110,99,93.5,88,82.5,77
Juego de soportes ocultos para toallas (5 uds.),E60002,160,144,136,128,120,112
Toallero Oculto (bola-iman) 1 ud (Sin corona de perforacion),E60005,59,53.1,50.15,47.2,44.25,41.3
Toallero Oculto (bola-iman) 3 ud (Sin corona de perforacion),E60006,159,143.1,135.15,127.2,119.25,111.3
Corona de perforacion de diamante / 42 mm,E90021,59,53.1,50.15,47.2,44.25,41.3
Termostato oculto Edplit (incluye marco de montaje),E40032,298,268.2,253.3,238.4,223.5,208.6
